[
{
  "fields": {
    "model": "logentry",
    "app_label": "admin"
  },
  "model": "contenttypes.contenttype",
  "pk": 1
},
{
  "fields": {
    "model": "permission",
    "app_label": "auth"
  },
  "model": "contenttypes.contenttype",
  "pk": 2
},
{
  "fields": {
    "model": "group",
    "app_label": "auth"
  },
  "model": "contenttypes.contenttype",
  "pk": 3
},
{
  "fields": {
    "model": "contenttype",
    "app_label": "contenttypes"
  },
  "model": "contenttypes.contenttype",
  "pk": 4
},
{
  "fields": {
    "model": "session",
    "app_label": "sessions"
  },
  "model": "contenttypes.contenttype",
  "pk": 5
},
{
  "fields": {
    "model": "authuser",
    "app_label": "accounts"
  },
  "model": "contenttypes.contenttype",
  "pk": 6
},
{
  "fields": {
    "model": "category",
    "app_label": "products"
  },
  "model": "contenttypes.contenttype",
  "pk": 7
},
{
  "fields": {
    "model": "product",
    "app_label": "products"
  },
  "model": "contenttypes.contenttype",
  "pk": 8
},
{
  "fields": {
    "model": "productimage",
    "app_label": "products"
  },
  "model": "contenttypes.contenttype",
  "pk": 9
},
{
  "fields": {
    "model": "productreview",
    "app_label": "products"
  },
  "model": "contenttypes.contenttype",
  "pk": 10
},
{
  "fields": {
    "model": "kvstore",
    "app_label": "thumbnail"
  },
  "model": "contenttypes.contenttype",
  "pk": 11
},
{
  "fields": {
    "model": "cart",
    "app_label": "cart"
  },
  "model": "contenttypes.contenttype",
  "pk": 12
},
{
  "fields": {
    "model": "order",
    "app_label": "cart"
  },
  "model": "contenttypes.contenttype",
  "pk": 13
},
{
  "fields": {
    "model": "good",
    "app_label": "cart"
  },
  "model": "contenttypes.contenttype",
  "pk": 14
},
{
  "fields": {
    "model": "manageruser",
    "app_label": "management"
  },
  "model": "contenttypes.contenttype",
  "pk": 15
},
{
  "fields": {
    "model": "cart",
    "app_label": "cookiecart"
  },
  "model": "contenttypes.contenttype",
  "pk": 16
},
{
  "fields": {
    "model": "cartuser",
    "app_label": "cookiecart"
  },
  "model": "contenttypes.contenttype",
  "pk": 17
},
{
  "fields": {
    "model": "order",
    "app_label": "cookiecart"
  },
  "model": "contenttypes.contenttype",
  "pk": 18
},
{
  "fields": {
    "model": "good",
    "app_label": "cookiecart"
  },
  "model": "contenttypes.contenttype",
  "pk": 19
},
{
  "fields": {
    "model": "usersocialauth",
    "app_label": "social_auth"
  },
  "model": "contenttypes.contenttype",
  "pk": 20
},
{
  "fields": {
    "model": "nonce",
    "app_label": "social_auth"
  },
  "model": "contenttypes.contenttype",
  "pk": 21
},
{
  "fields": {
    "model": "association",
    "app_label": "social_auth"
  },
  "model": "contenttypes.contenttype",
  "pk": 22
},
{
  "fields": {
    "expire_date": "2015-10-06T03:51:18.297",
    "session_data": "MTJkMjBkNDU2NzZlZDNiOWYxOTU2MmY2NmNlNjIyNmI4ZTBmMDE5YjqAAn1xAS4="
  },
  "model": "sessions.session",
  "pk": "003ey0bwmr550w358mbq9b8czxrglx3c"
},
{
  "fields": {
    "expire_date": "2015-10-06T07:03:27.828",
    "session_data": "MTJkMjBkNDU2NzZlZDNiOWYxOTU2MmY2NmNlNjIyNmI4ZTBmMDE5YjqAAn1xAS4="
  },
  "model": "sessions.session",
  "pk": "02oesizp18av2fa8rc65qj2gwii5vib3"
},
{
  "fields": {
    "expire_date": "2015-11-20T00:49:56.397",
    "session_data": "MzE4YTMzMTA5YWRjOTA4N2JiY2I2N2QxNGE4NjMzNWZmY2M1MTE5ODqAAn1xAShVDV9hdXRoX3VzZXJfaWRxAlgBAAAANFUOZmFjZWJvb2tfc3RhdGVYIAAAAGVOZWVycjlIemxzZmJsb0N0TXltU1FjY0szcFBacmFrVRJfYXV0aF91c2VyX2JhY2tlbmRxA1Utc29jaWFsX2F1dGguYmFja2VuZHMuZmFjZWJvb2suRmFjZWJvb2tCYWNrZW5kcQRVHnNvY2lhbF9hdXRoX2xhc3RfbG9naW5fYmFja2VuZHEFWAgAAABmYWNlYm9va3EGWA8AAABfc2Vzc2lvbl9leHBpcnlxB2NkYXRldGltZQpkYXRldGltZQpxCFUKB98LFAAxOAYOyIVScQlVD19hdXRoX3VzZXJfaGFzaHEKVSg3ZWJkMGY2OTZmZTY1YmRjZGI4OGYwOWQ0MTNmNGJiOThmOTMzNmRidS4="
  },
  "model": "sessions.session",
  "pk": "03t84rammq9hd876bkzjgsmyylcejnrw"
},
{
  "fields": {
    "expire_date": "2015-10-01T21:04:17.486",
    "session_data": "YzhiZDVlNTg4OWRhNWNkMmZkMzQ5NjgzMDEzNTVhODNjOTQ0YzJmYTp7fQ=="
  },
  "model": "sessions.session",
  "pk": "06nquofbklggehr9dqub3nd98ya2d7ul"
},
{
  "fields": {
    "expire_date": "2015-10-06T03:58:29.901",
    "session_data": "MTJkMjBkNDU2NzZlZDNiOWYxOTU2MmY2NmNlNjIyNmI4ZTBmMDE5YjqAAn1xAS4="
  },
  "model": "sessions.session",
  "pk": "092dr3aek328e28e0ot3v6cav4xyakqv"
},
{
  "fields": {
    "expire_date": "2015-10-06T07:04:38.296",
    "session_data": "MTJkMjBkNDU2NzZlZDNiOWYxOTU2MmY2NmNlNjIyNmI4ZTBmMDE5YjqAAn1xAS4="
  },
  "model": "sessions.session",
  "pk": "09zp6abs3m3a2zz99ovjsmshhu9bg0go"
},
{
  "fields": {
    "expire_date": "2015-10-01T20:18:31.903",
    "session_data": "YzhiZDVlNTg4OWRhNWNkMmZkMzQ5NjgzMDEzNTVhODNjOTQ0YzJmYTp7fQ=="
  },
  "model": "sessions.session",
  "pk": "0e8z6bpqn8lirodgv0fglj30pfutqon3"
},
{
  "fields": {
    "expire_date": "2015-10-01T21:04:13.106",
    "session_data": "YzhiZDVlNTg4OWRhNWNkMmZkMzQ5NjgzMDEzNTVhODNjOTQ0YzJmYTp7fQ=="
  },
  "model": "sessions.session",
  "pk": "0eo30dha8kdlb0nw1fxck72bp3ztye7s"
},
{
  "fields": {
    "expire_date": "2015-10-06T05:26:24.987",
    "session_data": "MTJkMjBkNDU2NzZlZDNiOWYxOTU2MmY2NmNlNjIyNmI4ZTBmMDE5YjqAAn1xAS4="
  },
  "model": "sessions.session",
  "pk": "0fgabsrbtboa9vontr2ood4l2j35s4mq"
},
{
  "fields": {
    "expire_date": "2015-10-03T00:18:15.007",
    "session_data": "YzhiZDVlNTg4OWRhNWNkMmZkMzQ5NjgzMDEzNTVhODNjOTQ0YzJmYTp7fQ=="
  },
  "model": "sessions.session",
  "pk": "0le8lbag8iggp8osj134g0ghzwmhv2d8"
},
{
  "fields": {
    "expire_date": "2015-10-03T00:17:17.973",
    "session_data": "YzhiZDVlNTg4OWRhNWNkMmZkMzQ5NjgzMDEzNTVhODNjOTQ0YzJmYTp7fQ=="
  },
  "model": "sessions.session",
  "pk": "0uuc62f8nvv9tcr85jwdpuokdrojo0w2"
},
{
  "fields": {
    "expire_date": "2015-10-01T13:19:42.392",
    "session_data": "YzhiZDVlNTg4OWRhNWNkMmZkMzQ5NjgzMDEzNTVhODNjOTQ0YzJmYTp7fQ=="
  },
  "model": "sessions.session",
  "pk": "104c80lahpy5puoh4nemeykxy9omc3wi"
},
{
  "fields": {
    "expire_date": "2015-10-01T20:31:41.485",
    "session_data": "YzhiZDVlNTg4OWRhNWNkMmZkMzQ5NjgzMDEzNTVhODNjOTQ0YzJmYTp7fQ=="
  },
  "model": "sessions.session",
  "pk": "10zaq0tz6n2nlmxab8misjz5nv1jopnb"
},
{
  "fields": {
    "expire_date": "2015-10-01T20:50:26.617",
    "session_data": "YzhiZDVlNTg4OWRhNWNkMmZkMzQ5NjgzMDEzNTVhODNjOTQ0YzJmYTp7fQ=="
  },
  "model": "sessions.session",
  "pk": "11x6eaotgi7wrhv1w85o74oenxatrvrn"
},
{
  "fields": {
    "expire_date": "2015-10-05T13:27:04.172",
    "session_data": "MTJkMjBkNDU2NzZlZDNiOWYxOTU2MmY2NmNlNjIyNmI4ZTBmMDE5YjqAAn1xAS4="
  },
  "model": "sessions.session",
  "pk": "132jb2hkf48dkdl2vwhwspllv93v933q"
},
{
  "fields": {
    "expire_date": "2015-10-06T07:09:43.945",
    "session_data": "MTJkMjBkNDU2NzZlZDNiOWYxOTU2MmY2NmNlNjIyNmI4ZTBmMDE5YjqAAn1xAS4="
  },
  "model": "sessions.session",
  "pk": "13b80cajfe79uwnx1meo6ae760utc3l6"
},
{
  "fields": {
    "expire_date": "2015-10-06T05:41:07.135",
    "session_data": "MTJkMjBkNDU2NzZlZDNiOWYxOTU2MmY2NmNlNjIyNmI4ZTBmMDE5YjqAAn1xAS4="
  },
  "model": "sessions.session",
  "pk": "18xtiyvhcv0ioozki015afhr2s3ikomm"
},
{
  "fields": {
    "expire_date": "2015-10-01T20:31:38.594",
    "session_data": "YzhiZDVlNTg4OWRhNWNkMmZkMzQ5NjgzMDEzNTVhODNjOTQ0YzJmYTp7fQ=="
  },
  "model": "sessions.session",
  "pk": "1d0cwx41t9ffm8e73t03k8cb19vyo6qi"
},
{
  "fields": {
    "expire_date": "2015-10-06T05:40:10.608",
    "session_data": "MTJkMjBkNDU2NzZlZDNiOWYxOTU2MmY2NmNlNjIyNmI4ZTBmMDE5YjqAAn1xAS4="
  },
  "model": "sessions.session",
  "pk": "1n2wm90lht9e2vhih4ws2j869u46xy32"
},
{
  "fields": {
    "expire_date": "2015-10-06T03:43:03.615",
    "session_data": "MTJkMjBkNDU2NzZlZDNiOWYxOTU2MmY2NmNlNjIyNmI4ZTBmMDE5YjqAAn1xAS4="
  },
  "model": "sessions.session",
  "pk": "1yqi5h6mejxg40ojztzqw8fp8npsx2m1"
},
{
  "fields": {
    "expire_date": "2015-10-05T13:27:16.990",
    "session_data": "MTJkMjBkNDU2NzZlZDNiOWYxOTU2MmY2NmNlNjIyNmI4ZTBmMDE5YjqAAn1xAS4="
  },
  "model": "sessions.session",
  "pk": "21o8rfsz6fr3n3de6p2v4kn7uh36xtxb"
},
{
  "fields": {
    "expire_date": "2015-10-06T04:10:32.071",
    "session_data": "MTJkMjBkNDU2NzZlZDNiOWYxOTU2MmY2NmNlNjIyNmI4ZTBmMDE5YjqAAn1xAS4="
  },
  "model": "sessions.session",
  "pk": "29qi652dul6fxjbrz1e9lwlr44r7p09n"
},
{
  "fields": {
    "expire_date": "2015-10-06T05:26:45.520",
    "session_data": "MTJkMjBkNDU2NzZlZDNiOWYxOTU2MmY2NmNlNjIyNmI4ZTBmMDE5YjqAAn1xAS4="
  },
  "model": "sessions.session",
  "pk": "2cpcw2tgfdp0fljh923ri2fyexlgtyw5"
},
{
  "fields": {
    "expire_date": "2015-10-06T03:01:27.387",
    "session_data": "MTJkMjBkNDU2NzZlZDNiOWYxOTU2MmY2NmNlNjIyNmI4ZTBmMDE5YjqAAn1xAS4="
  },
  "model": "sessions.session",
  "pk": "2f43n190rtd1ikqcmwpxzw94zubi6trc"
},
{
  "fields": {
    "expire_date": "2015-10-06T04:37:44.454",
    "session_data": "MTJkMjBkNDU2NzZlZDNiOWYxOTU2MmY2NmNlNjIyNmI4ZTBmMDE5YjqAAn1xAS4="
  },
  "model": "sessions.session",
  "pk": "2fym5crq1go038fokl2aqmbdm4ks74b6"
},
{
  "fields": {
    "expire_date": "2015-10-01T20:48:37.835",
    "session_data": "YzhiZDVlNTg4OWRhNWNkMmZkMzQ5NjgzMDEzNTVhODNjOTQ0YzJmYTp7fQ=="
  },
  "model": "sessions.session",
  "pk": "2iwy5v4ra7rk6c0k36nbd4oiua6zbryf"
},
{
  "fields": {
    "expire_date": "2015-10-06T03:49:58.307",
    "session_data": "MTJkMjBkNDU2NzZlZDNiOWYxOTU2MmY2NmNlNjIyNmI4ZTBmMDE5YjqAAn1xAS4="
  },
  "model": "sessions.session",
  "pk": "2ktvx44p8me5tsxziucb6qz8jvi5xlc3"
},
{
  "fields": {
    "expire_date": "2015-10-05T01:14:00.424",
    "session_data": "YzhiZDVlNTg4OWRhNWNkMmZkMzQ5NjgzMDEzNTVhODNjOTQ0YzJmYTp7fQ=="
  },
  "model": "sessions.session",
  "pk": "2l8cl2zeue8d0fyey6svw05q4p8ok0jo"
},
{
  "fields": {
    "expire_date": "2015-10-03T00:11:39.217",
    "session_data": "YzhiZDVlNTg4OWRhNWNkMmZkMzQ5NjgzMDEzNTVhODNjOTQ0YzJmYTp7fQ=="
  },
  "model": "sessions.session",
  "pk": "2whck9vivxkch4y4oyx6ripws11kyxbv"
},
{
  "fields": {
    "expire_date": "2015-10-01T20:47:49.649",
    "session_data": "YzhiZDVlNTg4OWRhNWNkMmZkMzQ5NjgzMDEzNTVhODNjOTQ0YzJmYTp7fQ=="
  },
  "model": "sessions.session",
  "pk": "2wj5vxx71ch51wa4crvjfqc99dyiuyu8"
},
{
  "fields": {
    "expire_date": "2015-10-01T20:50:29.679",
    "session_data": "YzhiZDVlNTg4OWRhNWNkMmZkMzQ5NjgzMDEzNTVhODNjOTQ0YzJmYTp7fQ=="
  },
  "model": "sessions.session",
  "pk": "2y03b52h00nsohczvfmtai0kwvosg5nu"
},
{
  "fields": {
    "expire_date": "2015-10-05T01:38:54.363",
    "session_data": "MTJkMjBkNDU2NzZlZDNiOWYxOTU2MmY2NmNlNjIyNmI4ZTBmMDE5YjqAAn1xAS4="
  },
  "model": "sessions.session",
  "pk": "2z75nc6pgr0sruw79q1x55tceaccfgcy"
},
{
  "fields": {
    "expire_date": "2015-10-01T20:42:10.295",
    "session_data": "YzhiZDVlNTg4OWRhNWNkMmZkMzQ5NjgzMDEzNTVhODNjOTQ0YzJmYTp7fQ=="
  },
  "model": "sessions.session",
  "pk": "323tc3tj97zph8cijr3vj7vkkgpzkc1a"
},
{
  "fields": {
    "expire_date": "2015-10-06T07:03:09.332",
    "session_data": "MTJkMjBkNDU2NzZlZDNiOWYxOTU2MmY2NmNlNjIyNmI4ZTBmMDE5YjqAAn1xAS4="
  },
  "model": "sessions.session",
  "pk": "37lhrqwdbdqrf3e5do35i9eljpbhb9we"
},
{
  "fields": {
    "expire_date": "2015-10-06T04:31:27.077",
    "session_data": "MTJkMjBkNDU2NzZlZDNiOWYxOTU2MmY2NmNlNjIyNmI4ZTBmMDE5YjqAAn1xAS4="
  },
  "model": "sessions.session",
  "pk": "37md94y2cg39g1i1nwwp8062t87mvny8"
},
{
  "fields": {
    "expire_date": "2015-10-06T05:05:42.169",
    "session_data": "MTJkMjBkNDU2NzZlZDNiOWYxOTU2MmY2NmNlNjIyNmI4ZTBmMDE5YjqAAn1xAS4="
  },
  "model": "sessions.session",
  "pk": "37qf1fd08yr30sg64qndddetvbakf5bj"
},
{
  "fields": {
    "expire_date": "2015-10-04T20:55:32.148",
    "session_data": "YzhiZDVlNTg4OWRhNWNkMmZkMzQ5NjgzMDEzNTVhODNjOTQ0YzJmYTp7fQ=="
  },
  "model": "sessions.session",
  "pk": "391fguha9jslbrc8q9idouex55xyibrv"
},
{
  "fields": {
    "expire_date": "2015-10-01T20:58:45.350",
    "session_data": "YzhiZDVlNTg4OWRhNWNkMmZkMzQ5NjgzMDEzNTVhODNjOTQ0YzJmYTp7fQ=="
  },
  "model": "sessions.session",
  "pk": "3cfm3fd65synomkfjyua00ncii65gn3z"
},
{
  "fields": {
    "expire_date": "2015-10-06T05:08:56.270",
    "session_data": "MTJkMjBkNDU2NzZlZDNiOWYxOTU2MmY2NmNlNjIyNmI4ZTBmMDE5YjqAAn1xAS4="
  },
  "model": "sessions.session",
  "pk": "3d8y6hae93qshsfadoo15au7djlbtv3s"
},
{
  "fields": {
    "expire_date": "2015-10-01T20:48:38.306",
    "session_data": "YzhiZDVlNTg4OWRhNWNkMmZkMzQ5NjgzMDEzNTVhODNjOTQ0YzJmYTp7fQ=="
  },
  "model": "sessions.session",
  "pk": "3e8zf18llmday1qrl58t1ebkk9ab11ae"
},
{
  "fields": {
    "expire_date": "2015-10-06T01:32:53.107",
    "session_data": "MTJkMjBkNDU2NzZlZDNiOWYxOTU2MmY2NmNlNjIyNmI4ZTBmMDE5YjqAAn1xAS4="
  },
  "model": "sessions.session",
  "pk": "3gu1b9k72u1akntv5ca4vwh8zjq2s2r5"
},
{
  "fields": {
    "expire_date": "2015-10-01T20:50:21.058",
    "session_data": "YzhiZDVlNTg4OWRhNWNkMmZkMzQ5NjgzMDEzNTVhODNjOTQ0YzJmYTp7fQ=="
  },
  "model": "sessions.session",
  "pk": "3oc5grzjn4z6gvcaqxje9jbihyf0sivx"
},
{
  "fields": {
    "expire_date": "2015-10-01T20:22:02.185",
    "session_data": "YzhiZDVlNTg4OWRhNWNkMmZkMzQ5NjgzMDEzNTVhODNjOTQ0YzJmYTp7fQ=="
  },
  "model": "sessions.session",
  "pk": "3wzheom2edx14s809h0njpcn4lhmovh5"
},
{
  "fields": {
    "expire_date": "2015-10-01T20:50:32.080",
    "session_data": "YzhiZDVlNTg4OWRhNWNkMmZkMzQ5NjgzMDEzNTVhODNjOTQ0YzJmYTp7fQ=="
  },
  "model": "sessions.session",
  "pk": "42mw4veoluvbr3mzgdjkfcp089ok3av2"
},
{
  "fields": {
    "expire_date": "2015-10-06T06:31:39.879",
    "session_data": "MTJkMjBkNDU2NzZlZDNiOWYxOTU2MmY2NmNlNjIyNmI4ZTBmMDE5YjqAAn1xAS4="
  },
  "model": "sessions.session",
  "pk": "43opsz1amgwjdvrzo4r5o0jl3lg85p2h"
},
{
  "fields": {
    "expire_date": "2015-10-01T20:47:52.608",
    "session_data": "YzhiZDVlNTg4OWRhNWNkMmZkMzQ5NjgzMDEzNTVhODNjOTQ0YzJmYTp7fQ=="
  },
  "model": "sessions.session",
  "pk": "45gf8w8iyjufigsczrshjq789cjkqj15"
},
{
  "fields": {
    "expire_date": "2015-10-06T03:58:27.895",
    "session_data": "MTJkMjBkNDU2NzZlZDNiOWYxOTU2MmY2NmNlNjIyNmI4ZTBmMDE5YjqAAn1xAS4="
  },
  "model": "sessions.session",
  "pk": "46uhkkcv9i9ro7vgi4m3lc8whbuojup3"
},
{
  "fields": {
    "expire_date": "2015-10-06T03:58:52.141",
    "session_data": "MTJkMjBkNDU2NzZlZDNiOWYxOTU2MmY2NmNlNjIyNmI4ZTBmMDE5YjqAAn1xAS4="
  },
  "model": "sessions.session",
  "pk": "470tho424kht8oz7sxckyaolq0yx67sc"
},
{
  "fields": {
    "expire_date": "2015-10-04T22:44:34.786",
    "session_data": "YzhiZDVlNTg4OWRhNWNkMmZkMzQ5NjgzMDEzNTVhODNjOTQ0YzJmYTp7fQ=="
  },
  "model": "sessions.session",
  "pk": "473a74skerb9qwhkoao8k0v5s4gppmx4"
},
{
  "fields": {
    "expire_date": "2015-10-06T07:06:29.027",
    "session_data": "MTJkMjBkNDU2NzZlZDNiOWYxOTU2MmY2NmNlNjIyNmI4ZTBmMDE5YjqAAn1xAS4="
  },
  "model": "sessions.session",
  "pk": "49ogkh9puy8x4z5mgmfjedhgdoz3op5r"
},
{
  "fields": {
    "expire_date": "2015-10-06T05:26:49.550",
    "session_data": "MTJkMjBkNDU2NzZlZDNiOWYxOTU2MmY2NmNlNjIyNmI4ZTBmMDE5YjqAAn1xAS4="
  },
  "model": "sessions.session",
  "pk": "4d014im2vfmnntialxzfs7katj40vji9"
},
{
  "fields": {
    "expire_date": "2015-10-01T20:52:24.884",
    "session_data": "YzhiZDVlNTg4OWRhNWNkMmZkMzQ5NjgzMDEzNTVhODNjOTQ0YzJmYTp7fQ=="
  },
  "model": "sessions.session",
  "pk": "4hbvrqsdm2sugu7ii1f5jii217kdmam9"
},
{
  "fields": {
    "expire_date": "2015-10-05T00:45:59.134",
    "session_data": "YzhiZDVlNTg4OWRhNWNkMmZkMzQ5NjgzMDEzNTVhODNjOTQ0YzJmYTp7fQ=="
  },
  "model": "sessions.session",
  "pk": "4kld3pytmt7aocr1udjabx836znds5zx"
},
{
  "fields": {
    "expire_date": "2015-10-06T03:54:34.707",
    "session_data": "MTJkMjBkNDU2NzZlZDNiOWYxOTU2MmY2NmNlNjIyNmI4ZTBmMDE5YjqAAn1xAS4="
  },
  "model": "sessions.session",
  "pk": "4nhr7b7w9o7dmxac2a1tt30tysbakre6"
},
{
  "fields": {
    "expire_date": "2015-10-06T02:53:24.548",
    "session_data": "MTJkMjBkNDU2NzZlZDNiOWYxOTU2MmY2NmNlNjIyNmI4ZTBmMDE5YjqAAn1xAS4="
  },
  "model": "sessions.session",
  "pk": "4rq10mo3xpcp30rmtdjbrql6k76ngcgt"
},
{
  "fields": {
    "expire_date": "2015-10-04T22:44:44.833",
    "session_data": "YzhiZDVlNTg4OWRhNWNkMmZkMzQ5NjgzMDEzNTVhODNjOTQ0YzJmYTp7fQ=="
  },
  "model": "sessions.session",
  "pk": "4ux6di5p3qigj91x9nor89zcnvf57i8p"
},
{
  "fields": {
    "expire_date": "2015-10-06T04:45:39.155",
    "session_data": "MTJkMjBkNDU2NzZlZDNiOWYxOTU2MmY2NmNlNjIyNmI4ZTBmMDE5YjqAAn1xAS4="
  },
  "model": "sessions.session",
  "pk": "4wp2cxvirf3ec7wkui9h99gldklsztw6"
},
{
  "fields": {
    "expire_date": "2015-10-06T07:02:36.272",
    "session_data": "MTJkMjBkNDU2NzZlZDNiOWYxOTU2MmY2NmNlNjIyNmI4ZTBmMDE5YjqAAn1xAS4="
  },
  "model": "sessions.session",
  "pk": "4x5i5hpwnvd5sc9tzw9gllno3o7wrbhy"
},
{
  "fields": {
    "expire_date": "2015-10-06T01:03:45.413",
    "session_data": "MTJkMjBkNDU2NzZlZDNiOWYxOTU2MmY2NmNlNjIyNmI4ZTBmMDE5YjqAAn1xAS4="
  },
  "model": "sessions.session",
  "pk": "52w4zazzr50hp7npkeukv09y2orqh3yg"
},
{
  "fields": {
    "expire_date": "2015-10-06T07:38:49.337",
    "session_data": "MTJkMjBkNDU2NzZlZDNiOWYxOTU2MmY2NmNlNjIyNmI4ZTBmMDE5YjqAAn1xAS4="
  },
  "model": "sessions.session",
  "pk": "5e3ftyg4bw09vgolnp36i2j2tk8elgmn"
},
{
  "fields": {
    "expire_date": "2015-10-06T05:26:09.337",
    "session_data": "MTJkMjBkNDU2NzZlZDNiOWYxOTU2MmY2NmNlNjIyNmI4ZTBmMDE5YjqAAn1xAS4="
  },
  "model": "sessions.session",
  "pk": "5hcqmn9f9erzu36mlmc83w7c0lzip5rv"
},
{
  "fields": {
    "expire_date": "2015-10-01T20:42:49.789",
    "session_data": "YzhiZDVlNTg4OWRhNWNkMmZkMzQ5NjgzMDEzNTVhODNjOTQ0YzJmYTp7fQ=="
  },
  "model": "sessions.session",
  "pk": "5i5xwc0t1v4vrfjidcxnvmjxqffnb53o"
},
{
  "fields": {
    "expire_date": "2015-10-01T20:47:52.249",
    "session_data": "YzhiZDVlNTg4OWRhNWNkMmZkMzQ5NjgzMDEzNTVhODNjOTQ0YzJmYTp7fQ=="
  },
  "model": "sessions.session",
  "pk": "5kcwvi668acr967dy4crk2qpg9ozccn9"
},
{
  "fields": {
    "expire_date": "2015-10-06T04:37:55.658",
    "session_data": "MTJkMjBkNDU2NzZlZDNiOWYxOTU2MmY2NmNlNjIyNmI4ZTBmMDE5YjqAAn1xAS4="
  },
  "model": "sessions.session",
  "pk": "5mwdoyx5yx4r66yh6y5mumfp9jn5dxi3"
},
{
  "fields": {
    "expire_date": "2015-10-01T20:50:31.643",
    "session_data": "YzhiZDVlNTg4OWRhNWNkMmZkMzQ5NjgzMDEzNTVhODNjOTQ0YzJmYTp7fQ=="
  },
  "model": "sessions.session",
  "pk": "5w01agdx8yuva76obya6bblaprir1cd8"
},
{
  "fields": {
    "expire_date": "2015-10-06T07:38:54.646",
    "session_data": "MTJkMjBkNDU2NzZlZDNiOWYxOTU2MmY2NmNlNjIyNmI4ZTBmMDE5YjqAAn1xAS4="
  },
  "model": "sessions.session",
  "pk": "5wveill4q3wl1g855xlz3w8bh8an8zsr"
},
{
  "fields": {
    "expire_date": "2015-10-01T20:42:52.118",
    "session_data": "YzhiZDVlNTg4OWRhNWNkMmZkMzQ5NjgzMDEzNTVhODNjOTQ0YzJmYTp7fQ=="
  },
  "model": "sessions.session",
  "pk": "5ykwk1ogut11zhxrdd50oyfuyywvoxm8"
},
{
  "fields": {
    "expire_date": "2015-10-06T07:10:39.721",
    "session_data": "MTJkMjBkNDU2NzZlZDNiOWYxOTU2MmY2NmNlNjIyNmI4ZTBmMDE5YjqAAn1xAS4="
  },
  "model": "sessions.session",
  "pk": "63el9dcpr4ezbv38rbfxk40r42wey1oy"
},
{
  "fields": {
    "expire_date": "2015-10-06T03:46:15.578",
    "session_data": "MTJkMjBkNDU2NzZlZDNiOWYxOTU2MmY2NmNlNjIyNmI4ZTBmMDE5YjqAAn1xAS4="
  },
  "model": "sessions.session",
  "pk": "64aw2yj8a6q219la1tync39jfrxojbmy"
},
{
  "fields": {
    "expire_date": "2015-10-06T05:46:21.280",
    "session_data": "MTJkMjBkNDU2NzZlZDNiOWYxOTU2MmY2NmNlNjIyNmI4ZTBmMDE5YjqAAn1xAS4="
  },
  "model": "sessions.session",
  "pk": "65m6hvdk2rs009xapzbpq4hq9h3si12b"
},
{
  "fields": {
    "expire_date": "2015-10-05T01:55:04.581",
    "session_data": "MTJkMjBkNDU2NzZlZDNiOWYxOTU2MmY2NmNlNjIyNmI4ZTBmMDE5YjqAAn1xAS4="
  },
  "model": "sessions.session",
  "pk": "65tj68l5mbr01fl1jtrq7bgjxe7c4lmk"
},
{
  "fields": {
    "expire_date": "2015-10-06T01:42:13.774",
    "session_data": "MTJkMjBkNDU2NzZlZDNiOWYxOTU2MmY2NmNlNjIyNmI4ZTBmMDE5YjqAAn1xAS4="
  },
  "model": "sessions.session",
  "pk": "687kr3xg1f8m5zxsx8f3laga23816ndu"
},
{
  "fields": {
    "expire_date": "2015-10-05T00:41:59.595",
    "session_data": "YzhiZDVlNTg4OWRhNWNkMmZkMzQ5NjgzMDEzNTVhODNjOTQ0YzJmYTp7fQ=="
  },
  "model": "sessions.session",
  "pk": "68cfcjywcndfouj9has12nuqt3cldnzk"
},
{
  "fields": {
    "expire_date": "2015-10-01T20:19:33.981",
    "session_data": "YzhiZDVlNTg4OWRhNWNkMmZkMzQ5NjgzMDEzNTVhODNjOTQ0YzJmYTp7fQ=="
  },
  "model": "sessions.session",
  "pk": "6a0lqtz37zbinzrjfl1zcj6dae35ebl4"
},
{
  "fields": {
    "expire_date": "2015-10-07T17:56:38.327",
    "session_data": "N2Q2Mjk1NDcxMmI1ZDJjZWQ3OTI1OGI5NTI1ZTNlZDZlYjhmNTAyOTqAAn1xAShVDmZhY2Vib29rX3N0YXRlWCAAAABNeUxpWUVmNXJXeUdBN0tsUmRDQUpDejBXNnZoS1ZiTlUEdmlld1gEAAAAZ3JpZHECdS4="
  },
  "model": "sessions.session",
  "pk": "6bdaype31h1n9mz4nx25zx2u43ds3acy"
},
{
  "fields": {
    "expire_date": "2015-10-06T07:41:49.389",
    "session_data": "MTJkMjBkNDU2NzZlZDNiOWYxOTU2MmY2NmNlNjIyNmI4ZTBmMDE5YjqAAn1xAS4="
  },
  "model": "sessions.session",
  "pk": "6brqmprt3hiteubyp7y978hm56cvg2q7"
},
{
  "fields": {
    "expire_date": "2015-10-06T04:39:37.226",
    "session_data": "MTJkMjBkNDU2NzZlZDNiOWYxOTU2MmY2NmNlNjIyNmI4ZTBmMDE5YjqAAn1xAS4="
  },
  "model": "sessions.session",
  "pk": "6csra3dxpxtakmj5ckwip1liotpxc39p"
},
{
  "fields": {
    "expire_date": "2015-10-06T03:01:37.521",
    "session_data": "MTJkMjBkNDU2NzZlZDNiOWYxOTU2MmY2NmNlNjIyNmI4ZTBmMDE5YjqAAn1xAS4="
  },
  "model": "sessions.session",
  "pk": "6ctrcyugir6mn6mwh7cadjqdr3jayg3r"
},
{
  "fields": {
    "expire_date": "2015-10-06T04:23:26.347",
    "session_data": "MTJkMjBkNDU2NzZlZDNiOWYxOTU2MmY2NmNlNjIyNmI4ZTBmMDE5YjqAAn1xAS4="
  },
  "model": "sessions.session",
  "pk": "6gbg7srdvwc20nv9z1bzd8qf2bu4lgqm"
},
{
  "fields": {
    "expire_date": "2015-10-01T20:54:17.548",
    "session_data": "YzhiZDVlNTg4OWRhNWNkMmZkMzQ5NjgzMDEzNTVhODNjOTQ0YzJmYTp7fQ=="
  },
  "model": "sessions.session",
  "pk": "6h07rpjar3kg2g06mvwlfca910zqnubd"
},
{
  "fields": {
    "expire_date": "2015-10-01T20:50:36.605",
    "session_data": "YzhiZDVlNTg4OWRhNWNkMmZkMzQ5NjgzMDEzNTVhODNjOTQ0YzJmYTp7fQ=="
  },
  "model": "sessions.session",
  "pk": "6k89e1cqeph12jqtlkhphkerefqz3p0f"
},
{
  "fields": {
    "expire_date": "2015-10-03T00:14:32.007",
    "session_data": "YzhiZDVlNTg4OWRhNWNkMmZkMzQ5NjgzMDEzNTVhODNjOTQ0YzJmYTp7fQ=="
  },
  "model": "sessions.session",
  "pk": "6l2po7layo78gzusc1fw24p6xbclckmj"
},
{
  "fields": {
    "expire_date": "2015-09-30T19:53:31.811",
    "session_data": "YWE1MmVmMGY2MGMyYzhiMTM3NTRlN2QyYjczZGMzYWEwOWY1YjljNTp7Il9hdXRoX3VzZXJfaGFzaCI6ImNmZDcxOTQyZjRkYTA5N2EwNjQ5YzM4MzE0NWYyZTQxMDZkZTg0YTgiLCJfYXV0aF91c2VyX2JhY2tlbmQiOiJkamFuZ28uY29udHJpYi5hdXRoLmJhY2tlbmRzLk1vZGVsQmFja2VuZCIsIl9hdXRoX3VzZXJfaWQiOiIxIn0="
  },
  "model": "sessions.session",
  "pk": "6vs9le5y4ofhbuska4kns6918tfgs0ka"
},
{
  "fields": {
    "expire_date": "2015-10-06T04:02:15.928",
    "session_data": "MTJkMjBkNDU2NzZlZDNiOWYxOTU2MmY2NmNlNjIyNmI4ZTBmMDE5YjqAAn1xAS4="
  },
  "model": "sessions.session",
  "pk": "6znztg0u3o2q7cj5jhxmv6r00mreau3v"
},
{
  "fields": {
    "expire_date": "2015-10-01T20:42:47.544",
    "session_data": "YzhiZDVlNTg4OWRhNWNkMmZkMzQ5NjgzMDEzNTVhODNjOTQ0YzJmYTp7fQ=="
  },
  "model": "sessions.session",
  "pk": "71nvge5flmd6a2l65d6bltrcbkbq7e9i"
},
{
  "fields": {
    "expire_date": "2015-10-06T03:51:04.999",
    "session_data": "MTJkMjBkNDU2NzZlZDNiOWYxOTU2MmY2NmNlNjIyNmI4ZTBmMDE5YjqAAn1xAS4="
  },
  "model": "sessions.session",
  "pk": "71rszjdxbm00p2b2tsuv4wsoicfo30yb"
},
{
  "fields": {
    "expire_date": "2015-10-06T05:48:33.790",
    "session_data": "MTJkMjBkNDU2NzZlZDNiOWYxOTU2MmY2NmNlNjIyNmI4ZTBmMDE5YjqAAn1xAS4="
  },
  "model": "sessions.session",
  "pk": "79v8cj6ufy2x17265838k10efpk12th7"
},
{
  "fields": {
    "expire_date": "2015-10-01T20:21:58.597",
    "session_data": "YzhiZDVlNTg4OWRhNWNkMmZkMzQ5NjgzMDEzNTVhODNjOTQ0YzJmYTp7fQ=="
  },
  "model": "sessions.session",
  "pk": "7ecyofujqhpgy2cnkvkcprhvnecfuty7"
},
{
  "fields": {
    "expire_date": "2015-10-01T20:42:45.660",
    "session_data": "YzhiZDVlNTg4OWRhNWNkMmZkMzQ5NjgzMDEzNTVhODNjOTQ0YzJmYTp7fQ=="
  },
  "model": "sessions.session",
  "pk": "7gsqvqc4t5lfg67w0te7ms8eykost949"
},
{
  "fields": {
    "expire_date": "2015-10-03T00:13:23.406",
    "session_data": "YzhiZDVlNTg4OWRhNWNkMmZkMzQ5NjgzMDEzNTVhODNjOTQ0YzJmYTp7fQ=="
  },
  "model": "sessions.session",
  "pk": "7hlx843r21ggc3b5xe3ixe518ijknwjs"
},
{
  "fields": {
    "expire_date": "2015-10-04T22:44:40.467",
    "session_data": "YzhiZDVlNTg4OWRhNWNkMmZkMzQ5NjgzMDEzNTVhODNjOTQ0YzJmYTp7fQ=="
  },
  "model": "sessions.session",
  "pk": "7pgjk4acmqgxr6urt4z7naira6on3mvu"
},
{
  "fields": {
    "expire_date": "2015-10-03T00:19:34.834",
    "session_data": "YzhiZDVlNTg4OWRhNWNkMmZkMzQ5NjgzMDEzNTVhODNjOTQ0YzJmYTp7fQ=="
  },
  "model": "sessions.session",
  "pk": "7rjfckqpsbtmuu2x7ik53ve8rz82aepn"
},
{
  "fields": {
    "expire_date": "2015-10-01T20:54:09.030",
    "session_data": "YzhiZDVlNTg4OWRhNWNkMmZkMzQ5NjgzMDEzNTVhODNjOTQ0YzJmYTp7fQ=="
  },
  "model": "sessions.session",
  "pk": "7uisaf5j9l8on38kpmu6c5q0bfqr928z"
},
{
  "fields": {
    "expire_date": "2015-10-06T01:12:47.517",
    "session_data": "MTJkMjBkNDU2NzZlZDNiOWYxOTU2MmY2NmNlNjIyNmI4ZTBmMDE5YjqAAn1xAS4="
  },
  "model": "sessions.session",
  "pk": "7v17psd2dx2y1gk357bn0usi0aclq42z"
},
{
  "fields": {
    "expire_date": "2015-10-06T04:44:28.977",
    "session_data": "MTJkMjBkNDU2NzZlZDNiOWYxOTU2MmY2NmNlNjIyNmI4ZTBmMDE5YjqAAn1xAS4="
  },
  "model": "sessions.session",
  "pk": "7w5hn9861olgu2ci0uxabggg3xc1g2dc"
},
{
  "fields": {
    "expire_date": "2015-10-05T01:55:19.829",
    "session_data": "MTJkMjBkNDU2NzZlZDNiOWYxOTU2MmY2NmNlNjIyNmI4ZTBmMDE5YjqAAn1xAS4="
  },
  "model": "sessions.session",
  "pk": "80amog79r09jnzbxi340phwz9f0m2l8c"
},
{
  "fields": {
    "expire_date": "2015-10-06T07:00:10.543",
    "session_data": "MTJkMjBkNDU2NzZlZDNiOWYxOTU2MmY2NmNlNjIyNmI4ZTBmMDE5YjqAAn1xAS4="
  },
  "model": "sessions.session",
  "pk": "80d0pjazerih7iphea7w5tqkb4x9jydo"
},
{
  "fields": {
    "expire_date": "2015-10-04T20:55:23.876",
    "session_data": "YzhiZDVlNTg4OWRhNWNkMmZkMzQ5NjgzMDEzNTVhODNjOTQ0YzJmYTp7fQ=="
  },
  "model": "sessions.session",
  "pk": "82urhq66l839g630f8dxsi9p9iliveun"
},
{
  "fields": {
    "expire_date": "2015-10-01T21:04:15.683",
    "session_data": "YzhiZDVlNTg4OWRhNWNkMmZkMzQ5NjgzMDEzNTVhODNjOTQ0YzJmYTp7fQ=="
  },
  "model": "sessions.session",
  "pk": "82xzgqjc03mx4ylaq8uu3rv0oel2inxf"
},
{
  "fields": {
    "expire_date": "2015-10-01T21:04:03.990",
    "session_data": "YzhiZDVlNTg4OWRhNWNkMmZkMzQ5NjgzMDEzNTVhODNjOTQ0YzJmYTp7fQ=="
  },
  "model": "sessions.session",
  "pk": "86gftntqyqvjplpa83bl3qeo9cwflqkd"
},
{
  "fields": {
    "expire_date": "2015-10-06T05:27:32.544",
    "session_data": "MTJkMjBkNDU2NzZlZDNiOWYxOTU2MmY2NmNlNjIyNmI4ZTBmMDE5YjqAAn1xAS4="
  },
  "model": "sessions.session",
  "pk": "86ks9u8yev8qy32e9w4iejorncyx0qli"
},
{
  "fields": {
    "expire_date": "2015-10-06T03:42:18.986",
    "session_data": "MTJkMjBkNDU2NzZlZDNiOWYxOTU2MmY2NmNlNjIyNmI4ZTBmMDE5YjqAAn1xAS4="
  },
  "model": "sessions.session",
  "pk": "86r9wimh6qezuo3fk6rev7cw1et0wxwo"
},
{
  "fields": {
    "expire_date": "2015-10-03T00:19:20.862",
    "session_data": "YzhiZDVlNTg4OWRhNWNkMmZkMzQ5NjgzMDEzNTVhODNjOTQ0YzJmYTp7fQ=="
  },
  "model": "sessions.session",
  "pk": "87lr0lvvbfz925dcj2ztn15cjfwqesuy"
},
{
  "fields": {
    "expire_date": "2015-10-06T02:48:55.337",
    "session_data": "MTJkMjBkNDU2NzZlZDNiOWYxOTU2MmY2NmNlNjIyNmI4ZTBmMDE5YjqAAn1xAS4="
  },
  "model": "sessions.session",
  "pk": "8ecdrioebw88pgmlur04o45gazj1vicn"
},
{
  "fields": {
    "expire_date": "2015-10-04T20:55:29.939",
    "session_data": "YzhiZDVlNTg4OWRhNWNkMmZkMzQ5NjgzMDEzNTVhODNjOTQ0YzJmYTp7fQ=="
  },
  "model": "sessions.session",
  "pk": "8em3118bg2fza927yc1cfe6t3vtr8p7z"
},
{
  "fields": {
    "expire_date": "2015-09-30T19:53:32.490",
    "session_data": "YWE1MmVmMGY2MGMyYzhiMTM3NTRlN2QyYjczZGMzYWEwOWY1YjljNTp7Il9hdXRoX3VzZXJfaGFzaCI6ImNmZDcxOTQyZjRkYTA5N2EwNjQ5YzM4MzE0NWYyZTQxMDZkZTg0YTgiLCJfYXV0aF91c2VyX2JhY2tlbmQiOiJkamFuZ28uY29udHJpYi5hdXRoLmJhY2tlbmRzLk1vZGVsQmFja2VuZCIsIl9hdXRoX3VzZXJfaWQiOiIxIn0="
  },
  "model": "sessions.session",
  "pk": "8f4xvrnro7bazve1z80dye3t4ngrk1qa"
},
{
  "fields": {
    "expire_date": "2015-10-01T20:48:42.378",
    "session_data": "YzhiZDVlNTg4OWRhNWNkMmZkMzQ5NjgzMDEzNTVhODNjOTQ0YzJmYTp7fQ=="
  },
  "model": "sessions.session",
  "pk": "8gul7sb3v790xel1l40hz4awg3t1pz9d"
},
{
  "fields": {
    "expire_date": "2015-10-04T22:44:22.603",
    "session_data": "YzhiZDVlNTg4OWRhNWNkMmZkMzQ5NjgzMDEzNTVhODNjOTQ0YzJmYTp7fQ=="
  },
  "model": "sessions.session",
  "pk": "8i0quya2cuenbv2o3ha1k90ltpl25hrm"
},
{
  "fields": {
    "expire_date": "2015-10-03T00:14:27.829",
    "session_data": "YzhiZDVlNTg4OWRhNWNkMmZkMzQ5NjgzMDEzNTVhODNjOTQ0YzJmYTp7fQ=="
  },
  "model": "sessions.session",
  "pk": "8ivctc3mwlfij3l886zur0141zm03jx7"
},
{
  "fields": {
    "expire_date": "2015-10-07T05:25:01.942",
    "session_data": "MTg5NGNhNDk2NjUwYjk3N2FmMDg5MTk4MmFhOTc4N2E5YWNlOTBlNDqAAn1xAVUEdmlld1gEAAAAZ3JpZHMu"
  },
  "model": "sessions.session",
  "pk": "8rh10m735bug63v7p8p6cu8r22mjx3y5"
},
{
  "fields": {
    "expire_date": "2015-10-06T05:26:01.918",
    "session_data": "MTJkMjBkNDU2NzZlZDNiOWYxOTU2MmY2NmNlNjIyNmI4ZTBmMDE5YjqAAn1xAS4="
  },
  "model": "sessions.session",
  "pk": "8tkoazl7nys6zc485l3oj9xsw14ok79f"
},
{
  "fields": {
    "expire_date": "2015-10-06T04:15:36.839",
    "session_data": "MTJkMjBkNDU2NzZlZDNiOWYxOTU2MmY2NmNlNjIyNmI4ZTBmMDE5YjqAAn1xAS4="
  },
  "model": "sessions.session",
  "pk": "8u6h0g2mz2p2axyko6zcb8lwxxldhuol"
},
{
  "fields": {
    "expire_date": "2015-10-04T20:58:44.286",
    "session_data": "YzhiZDVlNTg4OWRhNWNkMmZkMzQ5NjgzMDEzNTVhODNjOTQ0YzJmYTp7fQ=="
  },
  "model": "sessions.session",
  "pk": "8ujaw6ru89luxvqns91pjus20i9r7cuy"
},
{
  "fields": {
    "expire_date": "2015-10-06T03:21:59.204",
    "session_data": "MTJkMjBkNDU2NzZlZDNiOWYxOTU2MmY2NmNlNjIyNmI4ZTBmMDE5YjqAAn1xAS4="
  },
  "model": "sessions.session",
  "pk": "92uulykfl7q9frs8rkg9aoikls4itwl7"
},
{
  "fields": {
    "expire_date": "2015-10-06T04:00:41.606",
    "session_data": "MTJkMjBkNDU2NzZlZDNiOWYxOTU2MmY2NmNlNjIyNmI4ZTBmMDE5YjqAAn1xAS4="
  },
  "model": "sessions.session",
  "pk": "9hkwv4e4jzrfbzq5mp5io8vdl3dublt8"
},
{
  "fields": {
    "expire_date": "2015-10-06T05:49:30.574",
    "session_data": "MTJkMjBkNDU2NzZlZDNiOWYxOTU2MmY2NmNlNjIyNmI4ZTBmMDE5YjqAAn1xAS4="
  },
  "model": "sessions.session",
  "pk": "9jo4vs5120u53u9unmvdd78kr3fxn71l"
},
{
  "fields": {
    "expire_date": "2015-10-06T07:00:08.042",
    "session_data": "MTJkMjBkNDU2NzZlZDNiOWYxOTU2MmY2NmNlNjIyNmI4ZTBmMDE5YjqAAn1xAS4="
  },
  "model": "sessions.session",
  "pk": "9ob2drczbu56tk32ybszynvfizz47lb8"
},
{
  "fields": {
    "expire_date": "2015-10-03T00:18:46.741",
    "session_data": "YzhiZDVlNTg4OWRhNWNkMmZkMzQ5NjgzMDEzNTVhODNjOTQ0YzJmYTp7fQ=="
  },
  "model": "sessions.session",
  "pk": "9syx1j2wbkg5dmjsvgbq7d9tc7dq7fin"
},
{
  "fields": {
    "expire_date": "2015-10-01T20:42:05.534",
    "session_data": "YzhiZDVlNTg4OWRhNWNkMmZkMzQ5NjgzMDEzNTVhODNjOTQ0YzJmYTp7fQ=="
  },
  "model": "sessions.session",
  "pk": "9vjco9j97mg71cdoqwj7gws5qy9hehs0"
},
{
  "fields": {
    "expire_date": "2015-10-06T07:42:12.868",
    "session_data": "MTJkMjBkNDU2NzZlZDNiOWYxOTU2MmY2NmNlNjIyNmI4ZTBmMDE5YjqAAn1xAS4="
  },
  "model": "sessions.session",
  "pk": "9wfppejdg72hzfudcrvglnn5t9xeg7dh"
},
{
  "fields": {
    "expire_date": "2015-10-01T20:18:37.540",
    "session_data": "YzhiZDVlNTg4OWRhNWNkMmZkMzQ5NjgzMDEzNTVhODNjOTQ0YzJmYTp7fQ=="
  },
  "model": "sessions.session",
  "pk": "a41bcrq1mjbvv85cmnx0oemdxxgn55cx"
},
{
  "fields": {
    "expire_date": "2015-10-01T21:04:09.259",
    "session_data": "YzhiZDVlNTg4OWRhNWNkMmZkMzQ5NjgzMDEzNTVhODNjOTQ0YzJmYTp7fQ=="
  },
  "model": "sessions.session",
  "pk": "a4h01nvbsbgei48yy848ijt96wz2uspl"
},
{
  "fields": {
    "expire_date": "2015-10-06T05:45:47.192",
    "session_data": "MTJkMjBkNDU2NzZlZDNiOWYxOTU2MmY2NmNlNjIyNmI4ZTBmMDE5YjqAAn1xAS4="
  },
  "model": "sessions.session",
  "pk": "a651wz8artarai4qw7zldcwww5bideu3"
},
{
  "fields": {
    "expire_date": "2015-10-06T03:40:05.505",
    "session_data": "MTJkMjBkNDU2NzZlZDNiOWYxOTU2MmY2NmNlNjIyNmI4ZTBmMDE5YjqAAn1xAS4="
  },
  "model": "sessions.session",
  "pk": "aaxf7i7dj6tbwlnbl9u2hhwmojkupelx"
},
{
  "fields": {
    "expire_date": "2015-10-06T07:43:56.407",
    "session_data": "MTJkMjBkNDU2NzZlZDNiOWYxOTU2MmY2NmNlNjIyNmI4ZTBmMDE5YjqAAn1xAS4="
  },
  "model": "sessions.session",
  "pk": "ahbcf4nz4tvnjx93hpn0smg50u9ony1e"
},
{
  "fields": {
    "expire_date": "2015-10-06T04:01:59.965",
    "session_data": "MTJkMjBkNDU2NzZlZDNiOWYxOTU2MmY2NmNlNjIyNmI4ZTBmMDE5YjqAAn1xAS4="
  },
  "model": "sessions.session",
  "pk": "ajbi1ortrylrwmxmhficb1cxdvm5hbgs"
},
{
  "fields": {
    "expire_date": "2015-10-03T00:18:40.126",
    "session_data": "YzhiZDVlNTg4OWRhNWNkMmZkMzQ5NjgzMDEzNTVhODNjOTQ0YzJmYTp7fQ=="
  },
  "model": "sessions.session",
  "pk": "aokuyvpsubdhlajt9q1q25dtfztg5reu"
},
{
  "fields": {
    "expire_date": "2015-10-03T00:18:56.283",
    "session_data": "YzhiZDVlNTg4OWRhNWNkMmZkMzQ5NjgzMDEzNTVhODNjOTQ0YzJmYTp7fQ=="
  },
  "model": "sessions.session",
  "pk": "ap3ori08ig5k5p2gvqeglrxeooqq1vyw"
},
{
  "fields": {
    "expire_date": "2015-10-06T07:13:59.428",
    "session_data": "MTJkMjBkNDU2NzZlZDNiOWYxOTU2MmY2NmNlNjIyNmI4ZTBmMDE5YjqAAn1xAS4="
  },
  "model": "sessions.session",
  "pk": "auksvt6izbdiuf5n669d8ss6gdf2mgw9"
},
{
  "fields": {
    "expire_date": "2015-10-06T04:07:28.652",
    "session_data": "MTJkMjBkNDU2NzZlZDNiOWYxOTU2MmY2NmNlNjIyNmI4ZTBmMDE5YjqAAn1xAS4="
  },
  "model": "sessions.session",
  "pk": "b3by4fkfr4yv20ma7zq1ez1pm2z3zifx"
},
{
  "fields": {
    "expire_date": "2015-10-05T00:48:53.417",
    "session_data": "YzhiZDVlNTg4OWRhNWNkMmZkMzQ5NjgzMDEzNTVhODNjOTQ0YzJmYTp7fQ=="
  },
  "model": "sessions.session",
  "pk": "b557a8wyzf0cbxbhderfzevt7mld6wik"
},
{
  "fields": {
    "expire_date": "2015-10-06T01:27:08.888",
    "session_data": "MTJkMjBkNDU2NzZlZDNiOWYxOTU2MmY2NmNlNjIyNmI4ZTBmMDE5YjqAAn1xAS4="
  },
  "model": "sessions.session",
  "pk": "b9t8ifpmi28enbxmdt814hcbrc6d5ium"
},
{
  "fields": {
    "expire_date": "2015-10-05T01:15:07.307",
    "session_data": "ODNlNTA4ZjVhYzQ3ZjJlNmMyOGQ5MTE0OGYzMGRiNTVjOWZmYTlmNDp7ImZhY2Vib29rX3N0YXRlIjoieEp2aDlaTVZveFZnalBKaml0UVI4TGJUQk9EaXJhWWUifQ=="
  },
  "model": "sessions.session",
  "pk": "bcswp0cmu2xtimau54mewe29adha8zdq"
},
{
  "fields": {
    "expire_date": "2015-10-03T00:18:52.980",
    "session_data": "YzhiZDVlNTg4OWRhNWNkMmZkMzQ5NjgzMDEzNTVhODNjOTQ0YzJmYTp7fQ=="
  },
  "model": "sessions.session",
  "pk": "bhzlghl3rfuvuc975gko3d82qgwt75ox"
},
{
  "fields": {
    "expire_date": "2015-10-06T04:25:40.304",
    "session_data": "MTJkMjBkNDU2NzZlZDNiOWYxOTU2MmY2NmNlNjIyNmI4ZTBmMDE5YjqAAn1xAS4="
  },
  "model": "sessions.session",
  "pk": "bogbtg467amcm4x98tc9j1b7y52jzu1b"
},
{
  "fields": {
    "expire_date": "2015-10-06T01:04:06.345",
    "session_data": "MTJkMjBkNDU2NzZlZDNiOWYxOTU2MmY2NmNlNjIyNmI4ZTBmMDE5YjqAAn1xAS4="
  },
  "model": "sessions.session",
  "pk": "bvlzfa4jxxdx3bpeit8p7sm3b3r54nay"
},
{
  "fields": {
    "expire_date": "2015-10-06T05:45:50.615",
    "session_data": "MTJkMjBkNDU2NzZlZDNiOWYxOTU2MmY2NmNlNjIyNmI4ZTBmMDE5YjqAAn1xAS4="
  },
  "model": "sessions.session",
  "pk": "bwj9ovu7npkpdjron5wcvdo0llr08hqe"
},
{
  "fields": {
    "expire_date": "2015-10-06T04:09:27.460",
    "session_data": "MTJkMjBkNDU2NzZlZDNiOWYxOTU2MmY2NmNlNjIyNmI4ZTBmMDE5YjqAAn1xAS4="
  },
  "model": "sessions.session",
  "pk": "byk6j4smw4z1lr87ll6s6mypw8qq98fj"
},
{
  "fields": {
    "expire_date": "2015-10-01T20:48:29.428",
    "session_data": "YzhiZDVlNTg4OWRhNWNkMmZkMzQ5NjgzMDEzNTVhODNjOTQ0YzJmYTp7fQ=="
  },
  "model": "sessions.session",
  "pk": "bzpnm4eomtqeqs71r663xnx1kb7v3rhp"
},
{
  "fields": {
    "expire_date": "2015-10-06T07:38:42.226",
    "session_data": "MTJkMjBkNDU2NzZlZDNiOWYxOTU2MmY2NmNlNjIyNmI4ZTBmMDE5YjqAAn1xAS4="
  },
  "model": "sessions.session",
  "pk": "c0vnaqghucu5sthka0nwoc3re6d3s6x1"
},
{
  "fields": {
    "expire_date": "2015-10-04T20:55:26.086",
    "session_data": "YzhiZDVlNTg4OWRhNWNkMmZkMzQ5NjgzMDEzNTVhODNjOTQ0YzJmYTp7fQ=="
  },
  "model": "sessions.session",
  "pk": "c10npeji5lrrlhh88z3aakfinqro7mk7"
},
{
  "fields": {
    "expire_date": "2015-10-01T20:54:15.843",
    "session_data": "YzhiZDVlNTg4OWRhNWNkMmZkMzQ5NjgzMDEzNTVhODNjOTQ0YzJmYTp7fQ=="
  },
  "model": "sessions.session",
  "pk": "c2epmwe3cgg5oale9jbfhv477gbs3xk7"
},
{
  "fields": {
    "expire_date": "2015-10-03T00:15:46.141",
    "session_data": "YzhiZDVlNTg4OWRhNWNkMmZkMzQ5NjgzMDEzNTVhODNjOTQ0YzJmYTp7fQ=="
  },
  "model": "sessions.session",
  "pk": "cf296tdnbvhg3kemsopdvwjhkcaruv3p"
},
{
  "fields": {
    "expire_date": "2015-10-06T05:27:26.350",
    "session_data": "MTJkMjBkNDU2NzZlZDNiOWYxOTU2MmY2NmNlNjIyNmI4ZTBmMDE5YjqAAn1xAS4="
  },
  "model": "sessions.session",
  "pk": "cgh2l8omnakiyy1labv0wpvptug2ye0e"
},
{
  "fields": {
    "expire_date": "2015-10-06T05:27:35.180",
    "session_data": "MTJkMjBkNDU2NzZlZDNiOWYxOTU2MmY2NmNlNjIyNmI4ZTBmMDE5YjqAAn1xAS4="
  },
  "model": "sessions.session",
  "pk": "ch35iprdtv57ud6x6q29fe95g2ukcns3"
},
{
  "fields": {
    "expire_date": "2015-10-06T06:52:07.890",
    "session_data": "MTJkMjBkNDU2NzZlZDNiOWYxOTU2MmY2NmNlNjIyNmI4ZTBmMDE5YjqAAn1xAS4="
  },
  "model": "sessions.session",
  "pk": "cldhntlrlzwhzggwxvwp5ui5drnoh4e1"
},
{
  "fields": {
    "expire_date": "2015-10-01T20:48:31.874",
    "session_data": "YzhiZDVlNTg4OWRhNWNkMmZkMzQ5NjgzMDEzNTVhODNjOTQ0YzJmYTp7fQ=="
  },
  "model": "sessions.session",
  "pk": "clxpm27ibs4yvq59dmsnln6d4e0h7mcj"
},
{
  "fields": {
    "expire_date": "2015-10-06T07:42:06.734",
    "session_data": "MTJkMjBkNDU2NzZlZDNiOWYxOTU2MmY2NmNlNjIyNmI4ZTBmMDE5YjqAAn1xAS4="
  },
  "model": "sessions.session",
  "pk": "cq6cxlti33erwmcs2f7op49x1u8y1vdf"
},
{
  "fields": {
    "expire_date": "2015-10-01T20:52:20.131",
    "session_data": "YzhiZDVlNTg4OWRhNWNkMmZkMzQ5NjgzMDEzNTVhODNjOTQ0YzJmYTp7fQ=="
  },
  "model": "sessions.session",
  "pk": "csff8oi0n5p4l9ljun9gyehq77eq6h47"
},
{
  "fields": {
    "expire_date": "2015-10-06T05:36:53.796",
    "session_data": "MTJkMjBkNDU2NzZlZDNiOWYxOTU2MmY2NmNlNjIyNmI4ZTBmMDE5YjqAAn1xAS4="
  },
  "model": "sessions.session",
  "pk": "cw68nwg8j8rx6pvjxd63udclx3n4j3jx"
},
{
  "fields": {
    "expire_date": "2015-10-06T06:35:04.551",
    "session_data": "MTJkMjBkNDU2NzZlZDNiOWYxOTU2MmY2NmNlNjIyNmI4ZTBmMDE5YjqAAn1xAS4="
  },
  "model": "sessions.session",
  "pk": "cwdcxsnjumlt1c735zkzyiul4uahtun0"
},
{
  "fields": {
    "expire_date": "2015-10-01T20:31:39.097",
    "session_data": "YzhiZDVlNTg4OWRhNWNkMmZkMzQ5NjgzMDEzNTVhODNjOTQ0YzJmYTp7fQ=="
  },
  "model": "sessions.session",
  "pk": "d0qg8ihmeg9r8w42grq79uayp1hrnjcs"
},
{
  "fields": {
    "expire_date": "2015-10-06T05:05:19.478",
    "session_data": "MTJkMjBkNDU2NzZlZDNiOWYxOTU2MmY2NmNlNjIyNmI4ZTBmMDE5YjqAAn1xAS4="
  },
  "model": "sessions.session",
  "pk": "d7gyhob0ow0k8rf4eamb33ejhc3svrop"
},
{
  "fields": {
    "expire_date": "2015-10-03T00:18:51.957",
    "session_data": "YzhiZDVlNTg4OWRhNWNkMmZkMzQ5NjgzMDEzNTVhODNjOTQ0YzJmYTp7fQ=="
  },
  "model": "sessions.session",
  "pk": "d7o32nfhpnvtwqnw4a0e1jhau80nf6lf"
},
{
  "fields": {
    "expire_date": "2015-10-06T05:27:29.379",
    "session_data": "MTJkMjBkNDU2NzZlZDNiOWYxOTU2MmY2NmNlNjIyNmI4ZTBmMDE5YjqAAn1xAS4="
  },
  "model": "sessions.session",
  "pk": "d9w012wfb0ft1yesaibyq08uzi1kigd5"
},
{
  "fields": {
    "expire_date": "2015-10-06T04:05:13.267",
    "session_data": "MTJkMjBkNDU2NzZlZDNiOWYxOTU2MmY2NmNlNjIyNmI4ZTBmMDE5YjqAAn1xAS4="
  },
  "model": "sessions.session",
  "pk": "dd5z0cd4ygwia2weqyst71tmwg411qdj"
},
{
  "fields": {
    "expire_date": "2015-10-07T04:18:08.333",
    "session_data": "MTJkMjBkNDU2NzZlZDNiOWYxOTU2MmY2NmNlNjIyNmI4ZTBmMDE5YjqAAn1xAS4="
  },
  "model": "sessions.session",
  "pk": "ddz0oo1dw6hmaxjfc87ed3lf46hc6o9z"
},
{
  "fields": {
    "expire_date": "2015-10-06T03:07:10.941",
    "session_data": "MTJkMjBkNDU2NzZlZDNiOWYxOTU2MmY2NmNlNjIyNmI4ZTBmMDE5YjqAAn1xAS4="
  },
  "model": "sessions.session",
  "pk": "dg9yjsmjwsj9ibsz0utixw6co86ls5uy"
},
{
  "fields": {
    "expire_date": "2015-10-03T00:18:43.660",
    "session_data": "YzhiZDVlNTg4OWRhNWNkMmZkMzQ5NjgzMDEzNTVhODNjOTQ0YzJmYTp7fQ=="
  },
  "model": "sessions.session",
  "pk": "dhq9ckg3hyr7gl8cylq76u8xd58t7gl2"
},
{
  "fields": {
    "expire_date": "2015-10-06T02:28:04.032",
    "session_data": "MTJkMjBkNDU2NzZlZDNiOWYxOTU2MmY2NmNlNjIyNmI4ZTBmMDE5YjqAAn1xAS4="
  },
  "model": "sessions.session",
  "pk": "dkzf9m9uqlkuy8xvgo7jqromd400w8ex"
},
{
  "fields": {
    "expire_date": "2015-10-06T05:05:36.217",
    "session_data": "MTJkMjBkNDU2NzZlZDNiOWYxOTU2MmY2NmNlNjIyNmI4ZTBmMDE5YjqAAn1xAS4="
  },
  "model": "sessions.session",
  "pk": "dlxm26dv3yscg6l482pheg8sn2gakeoc"
},
{
  "fields": {
    "expire_date": "2015-10-04T20:59:20.636",
    "session_data": "YzhiZDVlNTg4OWRhNWNkMmZkMzQ5NjgzMDEzNTVhODNjOTQ0YzJmYTp7fQ=="
  },
  "model": "sessions.session",
  "pk": "dr4w9a41ha8bjqj8t3c2v9exalzn3rml"
},
{
  "fields": {
    "expire_date": "2015-10-01T20:52:25.405",
    "session_data": "YzhiZDVlNTg4OWRhNWNkMmZkMzQ5NjgzMDEzNTVhODNjOTQ0YzJmYTp7fQ=="
  },
  "model": "sessions.session",
  "pk": "drmil0zqy6cc5jizxsso9qrhl6k65iid"
},
{
  "fields": {
    "expire_date": "2015-10-01T20:57:03.676",
    "session_data": "YzhiZDVlNTg4OWRhNWNkMmZkMzQ5NjgzMDEzNTVhODNjOTQ0YzJmYTp7fQ=="
  },
  "model": "sessions.session",
  "pk": "ds2qy3psfx9uex879m6hf4p1idzsmril"
},
{
  "fields": {
    "expire_date": "2015-10-01T21:22:30.187",
    "session_data": "YzhiZDVlNTg4OWRhNWNkMmZkMzQ5NjgzMDEzNTVhODNjOTQ0YzJmYTp7fQ=="
  },
  "model": "sessions.session",
  "pk": "dsrka95z2gf6c5eavuf9uqk7gmo3tj6p"
},
{
  "fields": {
    "expire_date": "2015-10-03T00:12:18.903",
    "session_data": "YzhiZDVlNTg4OWRhNWNkMmZkMzQ5NjgzMDEzNTVhODNjOTQ0YzJmYTp7fQ=="
  },
  "model": "sessions.session",
  "pk": "dtdfqau2bsg576bgrzpw9rg84p9uhvlk"
},
{
  "fields": {
    "expire_date": "2015-10-06T05:05:03.040",
    "session_data": "MTJkMjBkNDU2NzZlZDNiOWYxOTU2MmY2NmNlNjIyNmI4ZTBmMDE5YjqAAn1xAS4="
  },
  "model": "sessions.session",
  "pk": "dvk7rv6cx58ez39spnrnac44bdbatctf"
},
{
  "fields": {
    "expire_date": "2015-10-03T00:18:25.208",
    "session_data": "YzhiZDVlNTg4OWRhNWNkMmZkMzQ5NjgzMDEzNTVhODNjOTQ0YzJmYTp7fQ=="
  },
  "model": "sessions.session",
  "pk": "e0cj68kgx9vab28iopr7l7rz1h4rowjx"
},
{
  "fields": {
    "expire_date": "2015-10-07T04:13:02.890",
    "session_data": "YjY1NmJlZWFiOTFhNGZkNDMxNTgwY2FiNTE0NjE0OTA2OTUwOTZmODqAAn1xAShVD19hdXRoX3VzZXJfaGFzaFUoY2ZkNzE5NDJmNGRhMDk3YTA2NDljMzgzMTQ1ZjJlNDEwNmRlODRhOFUNX2F1dGhfdXNlcl9pZFgBAAAAMVUSX2F1dGhfdXNlcl9iYWNrZW5kVSlkamFuZ28uY29udHJpYi5hdXRoLmJhY2tlbmRzLk1vZGVsQmFja2VuZFUEdmlld3ECWAQAAABncmlkcQN1Lg=="
  },
  "model": "sessions.session",
  "pk": "e1o8g3htm6kmamayuin96on9hgxqhrxp"
},
{
  "fields": {
    "expire_date": "2015-10-06T07:03:57.254",
    "session_data": "MTJkMjBkNDU2NzZlZDNiOWYxOTU2MmY2NmNlNjIyNmI4ZTBmMDE5YjqAAn1xAS4="
  },
  "model": "sessions.session",
  "pk": "e2lvw99hoy51lzzcsek7zokz448an7zy"
},
{
  "fields": {
    "expire_date": "2015-10-06T03:50:27.004",
    "session_data": "MTJkMjBkNDU2NzZlZDNiOWYxOTU2MmY2NmNlNjIyNmI4ZTBmMDE5YjqAAn1xAS4="
  },
  "model": "sessions.session",
  "pk": "e2sw8y8lw6suznb33vmifkwag1t8wyid"
},
{
  "fields": {
    "expire_date": "2015-10-04T20:58:46.396",
    "session_data": "YzhiZDVlNTg4OWRhNWNkMmZkMzQ5NjgzMDEzNTVhODNjOTQ0YzJmYTp7fQ=="
  },
  "model": "sessions.session",
  "pk": "eajo6zj8wlibbagotg5m2q44pcd2bvy8"
},
{
  "fields": {
    "expire_date": "2015-10-06T02:57:03.581",
    "session_data": "MTJkMjBkNDU2NzZlZDNiOWYxOTU2MmY2NmNlNjIyNmI4ZTBmMDE5YjqAAn1xAS4="
  },
  "model": "sessions.session",
  "pk": "eea6xb1fvttzjb2r4s52r58csndqn4cy"
},
{
  "fields": {
    "expire_date": "2015-10-01T20:58:40.896",
    "session_data": "YzhiZDVlNTg4OWRhNWNkMmZkMzQ5NjgzMDEzNTVhODNjOTQ0YzJmYTp7fQ=="
  },
  "model": "sessions.session",
  "pk": "efsmr882frnl0894tv2boauxzunu2nh2"
},
{
  "fields": {
    "expire_date": "2015-10-01T21:04:18.881",
    "session_data": "YzhiZDVlNTg4OWRhNWNkMmZkMzQ5NjgzMDEzNTVhODNjOTQ0YzJmYTp7fQ=="
  },
  "model": "sessions.session",
  "pk": "egora5nrr25b5xnopdcrhgehyqvsisru"
},
{
  "fields": {
    "expire_date": "2015-10-01T20:50:22.441",
    "session_data": "YzhiZDVlNTg4OWRhNWNkMmZkMzQ5NjgzMDEzNTVhODNjOTQ0YzJmYTp7fQ=="
  },
  "model": "sessions.session",
  "pk": "eioz2mrzu62ba0lbkbe8dn57hhzsipli"
},
{
  "fields": {
    "expire_date": "2015-10-06T01:25:37.105",
    "session_data": "MTJkMjBkNDU2NzZlZDNiOWYxOTU2MmY2NmNlNjIyNmI4ZTBmMDE5YjqAAn1xAS4="
  },
  "model": "sessions.session",
  "pk": "enaqnprcz6omvr2axixp3blxu3ei7uit"
},
{
  "fields": {
    "expire_date": "2015-10-01T20:47:52.796",
    "session_data": "YzhiZDVlNTg4OWRhNWNkMmZkMzQ5NjgzMDEzNTVhODNjOTQ0YzJmYTp7fQ=="
  },
  "model": "sessions.session",
  "pk": "ep0s8slcsk3okvi2d4ffwxic8fla6chm"
},
{
  "fields": {
    "expire_date": "2015-10-06T06:34:17.624",
    "session_data": "MTJkMjBkNDU2NzZlZDNiOWYxOTU2MmY2NmNlNjIyNmI4ZTBmMDE5YjqAAn1xAS4="
  },
  "model": "sessions.session",
  "pk": "ep9sueey65za5q40wpt83pc5gz9bg14s"
},
{
  "fields": {
    "expire_date": "2015-10-06T07:27:22.198",
    "session_data": "MTJkMjBkNDU2NzZlZDNiOWYxOTU2MmY2NmNlNjIyNmI4ZTBmMDE5YjqAAn1xAS4="
  },
  "model": "sessions.session",
  "pk": "euekr8dtgamara3smlnaw8cb02o6jqlw"
},
{
  "fields": {
    "expire_date": "2015-10-03T00:18:17.883",
    "session_data": "YzhiZDVlNTg4OWRhNWNkMmZkMzQ5NjgzMDEzNTVhODNjOTQ0YzJmYTp7fQ=="
  },
  "model": "sessions.session",
  "pk": "euulx8fglgli738ag80r8fgwwrs0xn2e"
},
{
  "fields": {
    "expire_date": "2015-10-04T20:58:57.121",
    "session_data": "YzhiZDVlNTg4OWRhNWNkMmZkMzQ5NjgzMDEzNTVhODNjOTQ0YzJmYTp7fQ=="
  },
  "model": "sessions.session",
  "pk": "ezwd92gjxb41ewt0urtxazihode8x1d4"
},
{
  "fields": {
    "expire_date": "2015-10-06T04:55:35.744",
    "session_data": "MTJkMjBkNDU2NzZlZDNiOWYxOTU2MmY2NmNlNjIyNmI4ZTBmMDE5YjqAAn1xAS4="
  },
  "model": "sessions.session",
  "pk": "f2frzde1mobx014fsejgbs4ccp59936b"
},
{
  "fields": {
    "expire_date": "2015-10-06T03:22:40.703",
    "session_data": "MTJkMjBkNDU2NzZlZDNiOWYxOTU2MmY2NmNlNjIyNmI4ZTBmMDE5YjqAAn1xAS4="
  },
  "model": "sessions.session",
  "pk": "f7ixmlbygawx9baceiizo66dl4x7ultq"
},
{
  "fields": {
    "expire_date": "2015-10-03T00:18:50.909",
    "session_data": "YzhiZDVlNTg4OWRhNWNkMmZkMzQ5NjgzMDEzNTVhODNjOTQ0YzJmYTp7fQ=="
  },
  "model": "sessions.session",
  "pk": "fhvvtsb0y2u5qhxosskd2kvwt9pfe173"
},
{
  "fields": {
    "expire_date": "2015-10-06T04:43:00.218",
    "session_data": "MTJkMjBkNDU2NzZlZDNiOWYxOTU2MmY2NmNlNjIyNmI4ZTBmMDE5YjqAAn1xAS4="
  },
  "model": "sessions.session",
  "pk": "figapj20d8swsuphm5bae9su5q8mijxp"
},
{
  "fields": {
    "expire_date": "2015-10-05T01:54:36.787",
    "session_data": "MTJkMjBkNDU2NzZlZDNiOWYxOTU2MmY2NmNlNjIyNmI4ZTBmMDE5YjqAAn1xAS4="
  },
  "model": "sessions.session",
  "pk": "fjxp0t640oc7j3ktuxr2yvtvoj5c5sfr"
},
{
  "fields": {
    "expire_date": "2015-10-06T07:40:58.238",
    "session_data": "MTJkMjBkNDU2NzZlZDNiOWYxOTU2MmY2NmNlNjIyNmI4ZTBmMDE5YjqAAn1xAS4="
  },
  "model": "sessions.session",
  "pk": "forqs7xqzxuzbe76i3jxnmn6kjh7obqd"
},
{
  "fields": {
    "expire_date": "2015-10-01T20:42:51.694",
    "session_data": "YzhiZDVlNTg4OWRhNWNkMmZkMzQ5NjgzMDEzNTVhODNjOTQ0YzJmYTp7fQ=="
  },
  "model": "sessions.session",
  "pk": "frueo5fx4fctzg0xn9guc37o2prfrgvx"
},
{
  "fields": {
    "expire_date": "2015-10-06T07:20:37.574",
    "session_data": "MTJkMjBkNDU2NzZlZDNiOWYxOTU2MmY2NmNlNjIyNmI4ZTBmMDE5YjqAAn1xAS4="
  },
  "model": "sessions.session",
  "pk": "fthu11atjgacty7bg3eqbrwy34h16jxw"
},
{
  "fields": {
    "expire_date": "2015-10-06T03:41:15.411",
    "session_data": "MTJkMjBkNDU2NzZlZDNiOWYxOTU2MmY2NmNlNjIyNmI4ZTBmMDE5YjqAAn1xAS4="
  },
  "model": "sessions.session",
  "pk": "fz6ib7zp0jzejkiba1mya1sjopz0n9tu"
},
{
  "fields": {
    "expire_date": "2015-10-05T01:54:50.309",
    "session_data": "MTJkMjBkNDU2NzZlZDNiOWYxOTU2MmY2NmNlNjIyNmI4ZTBmMDE5YjqAAn1xAS4="
  },
  "model": "sessions.session",
  "pk": "fzt88kg67q818bzpny5z8vcno40nb3cw"
},
{
  "fields": {
    "expire_date": "2015-10-06T02:50:04.318",
    "session_data": "MTJkMjBkNDU2NzZlZDNiOWYxOTU2MmY2NmNlNjIyNmI4ZTBmMDE5YjqAAn1xAS4="
  },
  "model": "sessions.session",
  "pk": "g5ijceynnosjszh2ove1pv2qu0k0ixe6"
},
{
  "fields": {
    "expire_date": "2015-10-06T05:26:31.881",
    "session_data": "MTJkMjBkNDU2NzZlZDNiOWYxOTU2MmY2NmNlNjIyNmI4ZTBmMDE5YjqAAn1xAS4="
  },
  "model": "sessions.session",
  "pk": "g5yo0vpu4mlcfe85ocelf3idziizxp68"
},
{
  "fields": {
    "expire_date": "2015-09-30T21:18:42.973",
    "session_data": "YWE1MmVmMGY2MGMyYzhiMTM3NTRlN2QyYjczZGMzYWEwOWY1YjljNTp7Il9hdXRoX3VzZXJfaGFzaCI6ImNmZDcxOTQyZjRkYTA5N2EwNjQ5YzM4MzE0NWYyZTQxMDZkZTg0YTgiLCJfYXV0aF91c2VyX2JhY2tlbmQiOiJkamFuZ28uY29udHJpYi5hdXRoLmJhY2tlbmRzLk1vZGVsQmFja2VuZCIsIl9hdXRoX3VzZXJfaWQiOiIxIn0="
  },
  "model": "sessions.session",
  "pk": "g8x0lxoc5letzs3caseig61z3ddvtzoq"
},
{
  "fields": {
    "expire_date": "2015-10-06T02:57:53.038",
    "session_data": "MTJkMjBkNDU2NzZlZDNiOWYxOTU2MmY2NmNlNjIyNmI4ZTBmMDE5YjqAAn1xAS4="
  },
  "model": "sessions.session",
  "pk": "g96eu8pgkd7zzlxor5u2upgzxjp724j0"
},
{
  "fields": {
    "expire_date": "2015-10-06T05:26:29.096",
    "session_data": "MTJkMjBkNDU2NzZlZDNiOWYxOTU2MmY2NmNlNjIyNmI4ZTBmMDE5YjqAAn1xAS4="
  },
  "model": "sessions.session",
  "pk": "g9qf40vp3ibupcbei2zhc7eebey9ideo"
},
{
  "fields": {
    "expire_date": "2015-10-06T02:58:06.989",
    "session_data": "MTJkMjBkNDU2NzZlZDNiOWYxOTU2MmY2NmNlNjIyNmI4ZTBmMDE5YjqAAn1xAS4="
  },
  "model": "sessions.session",
  "pk": "g9xy8q83dnn5chr3qijcbxanjm5mjlch"
},
{
  "fields": {
    "expire_date": "2015-10-07T04:18:10.571",
    "session_data": "MTJkMjBkNDU2NzZlZDNiOWYxOTU2MmY2NmNlNjIyNmI4ZTBmMDE5YjqAAn1xAS4="
  },
  "model": "sessions.session",
  "pk": "gadccms3d36ciloqr517icsamkkedf4k"
},
{
  "fields": {
    "expire_date": "2015-10-06T07:38:46.734",
    "session_data": "MTJkMjBkNDU2NzZlZDNiOWYxOTU2MmY2NmNlNjIyNmI4ZTBmMDE5YjqAAn1xAS4="
  },
  "model": "sessions.session",
  "pk": "gowhap35wc37n7lx30dz9gc56fzaauwu"
},
{
  "fields": {
    "expire_date": "2015-10-06T06:34:05.768",
    "session_data": "MTJkMjBkNDU2NzZlZDNiOWYxOTU2MmY2NmNlNjIyNmI4ZTBmMDE5YjqAAn1xAS4="
  },
  "model": "sessions.session",
  "pk": "gweck4ganbnvwo2obe0dkqtck6v2p169"
},
{
  "fields": {
    "expire_date": "2015-10-06T02:52:15.169",
    "session_data": "MTJkMjBkNDU2NzZlZDNiOWYxOTU2MmY2NmNlNjIyNmI4ZTBmMDE5YjqAAn1xAS4="
  },
  "model": "sessions.session",
  "pk": "h2152uhzux7zmoyhbma56rk60j8mu3xg"
},
{
  "fields": {
    "expire_date": "2015-10-06T06:33:44.649",
    "session_data": "MTJkMjBkNDU2NzZlZDNiOWYxOTU2MmY2NmNlNjIyNmI4ZTBmMDE5YjqAAn1xAS4="
  },
  "model": "sessions.session",
  "pk": "h3p5aptbpzcg5oklhgte6j1rbo5evcm9"
},
{
  "fields": {
    "expire_date": "2015-10-06T07:41:02.763",
    "session_data": "MTJkMjBkNDU2NzZlZDNiOWYxOTU2MmY2NmNlNjIyNmI4ZTBmMDE5YjqAAn1xAS4="
  },
  "model": "sessions.session",
  "pk": "h6vi7ujkx5enas7u6ydldemnbgqyyic5"
},
{
  "fields": {
    "expire_date": "2015-10-01T20:50:34.371",
    "session_data": "YzhiZDVlNTg4OWRhNWNkMmZkMzQ5NjgzMDEzNTVhODNjOTQ0YzJmYTp7fQ=="
  },
  "model": "sessions.session",
  "pk": "hnd8yufg1e4m970r18v3swkq35bdgoui"
},
{
  "fields": {
    "expire_date": "2015-10-06T03:54:39.928",
    "session_data": "MTJkMjBkNDU2NzZlZDNiOWYxOTU2MmY2NmNlNjIyNmI4ZTBmMDE5YjqAAn1xAS4="
  },
  "model": "sessions.session",
  "pk": "honzzmejjuii349v005gc293ljwavtdd"
},
{
  "fields": {
    "expire_date": "2015-10-06T01:25:38.741",
    "session_data": "MTJkMjBkNDU2NzZlZDNiOWYxOTU2MmY2NmNlNjIyNmI4ZTBmMDE5YjqAAn1xAS4="
  },
  "model": "sessions.session",
  "pk": "hpeat44q35w63ojzsuk2lvndqpim4kdn"
},
{
  "fields": {
    "expire_date": "2015-10-06T05:05:33.532",
    "session_data": "MTJkMjBkNDU2NzZlZDNiOWYxOTU2MmY2NmNlNjIyNmI4ZTBmMDE5YjqAAn1xAS4="
  },
  "model": "sessions.session",
  "pk": "hsfoxkw7qiipeb0pbt5bki9iuhuncnnj"
},
{
  "fields": {
    "expire_date": "2015-10-06T05:45:27.564",
    "session_data": "MTJkMjBkNDU2NzZlZDNiOWYxOTU2MmY2NmNlNjIyNmI4ZTBmMDE5YjqAAn1xAS4="
  },
  "model": "sessions.session",
  "pk": "hsmtjfp5cx84e6q5yvpl644dmr3683bs"
},
{
  "fields": {
    "expire_date": "2015-10-06T05:42:28.425",
    "session_data": "MTJkMjBkNDU2NzZlZDNiOWYxOTU2MmY2NmNlNjIyNmI4ZTBmMDE5YjqAAn1xAS4="
  },
  "model": "sessions.session",
  "pk": "ht801uo4o3vvgru15af8420li03geal0"
},
{
  "fields": {
    "expire_date": "2015-10-06T06:34:27.431",
    "session_data": "MTJkMjBkNDU2NzZlZDNiOWYxOTU2MmY2NmNlNjIyNmI4ZTBmMDE5YjqAAn1xAS4="
  },
  "model": "sessions.session",
  "pk": "hte52s7ytlk100xjtc1ws3yn8c66c63e"
},
{
  "fields": {
    "expire_date": "2015-10-06T05:36:57.248",
    "session_data": "MTJkMjBkNDU2NzZlZDNiOWYxOTU2MmY2NmNlNjIyNmI4ZTBmMDE5YjqAAn1xAS4="
  },
  "model": "sessions.session",
  "pk": "hvnw0m339g69upynjglr1rtid2s6ii4t"
},
{
  "fields": {
    "expire_date": "2015-10-06T03:47:40.028",
    "session_data": "MTJkMjBkNDU2NzZlZDNiOWYxOTU2MmY2NmNlNjIyNmI4ZTBmMDE5YjqAAn1xAS4="
  },
  "model": "sessions.session",
  "pk": "i4uhmrwx5zkixph3j2hj21t5joz5u1po"
},
{
  "fields": {
    "expire_date": "2015-10-03T00:18:49.709",
    "session_data": "YzhiZDVlNTg4OWRhNWNkMmZkMzQ5NjgzMDEzNTVhODNjOTQ0YzJmYTp7fQ=="
  },
  "model": "sessions.session",
  "pk": "i5087hct1gfe673pkykp6awcjwlfv50h"
},
{
  "fields": {
    "expire_date": "2015-10-06T04:52:58.022",
    "session_data": "MTJkMjBkNDU2NzZlZDNiOWYxOTU2MmY2NmNlNjIyNmI4ZTBmMDE5YjqAAn1xAS4="
  },
  "model": "sessions.session",
  "pk": "ialch3hh1pi6p8yu0bxgzocjbj8tud0j"
},
{
  "fields": {
    "expire_date": "2015-10-06T02:52:08.933",
    "session_data": "MTJkMjBkNDU2NzZlZDNiOWYxOTU2MmY2NmNlNjIyNmI4ZTBmMDE5YjqAAn1xAS4="
  },
  "model": "sessions.session",
  "pk": "iby6rdn77anv88a3sn5i8dr1krg8ea9u"
},
{
  "fields": {
    "expire_date": "2015-10-06T04:43:02.685",
    "session_data": "MTJkMjBkNDU2NzZlZDNiOWYxOTU2MmY2NmNlNjIyNmI4ZTBmMDE5YjqAAn1xAS4="
  },
  "model": "sessions.session",
  "pk": "icbpe5h6hrhcaov5giuzskgk1bc87sez"
},
{
  "fields": {
    "expire_date": "2015-10-06T04:45:46.158",
    "session_data": "MTJkMjBkNDU2NzZlZDNiOWYxOTU2MmY2NmNlNjIyNmI4ZTBmMDE5YjqAAn1xAS4="
  },
  "model": "sessions.session",
  "pk": "idl4ivrsqs5c5uz2inab1t0xzc5c3qly"
},
{
  "fields": {
    "expire_date": "2015-10-01T20:31:41.071",
    "session_data": "YzhiZDVlNTg4OWRhNWNkMmZkMzQ5NjgzMDEzNTVhODNjOTQ0YzJmYTp7fQ=="
  },
  "model": "sessions.session",
  "pk": "idqoq1yilybtf04sd0rynnzmyjjxwaju"
},
{
  "fields": {
    "expire_date": "2015-10-06T02:56:20.240",
    "session_data": "MTJkMjBkNDU2NzZlZDNiOWYxOTU2MmY2NmNlNjIyNmI4ZTBmMDE5YjqAAn1xAS4="
  },
  "model": "sessions.session",
  "pk": "iirjp5nu24jcr6gjf51oee0tlt8fx60a"
},
{
  "fields": {
    "expire_date": "2015-10-06T05:41:24.319",
    "session_data": "MTJkMjBkNDU2NzZlZDNiOWYxOTU2MmY2NmNlNjIyNmI4ZTBmMDE5YjqAAn1xAS4="
  },
  "model": "sessions.session",
  "pk": "ijrlo8uelm529jqmjf9hvwlqy89hwqn1"
},
{
  "fields": {
    "expire_date": "2015-10-06T07:38:37.098",
    "session_data": "MTJkMjBkNDU2NzZlZDNiOWYxOTU2MmY2NmNlNjIyNmI4ZTBmMDE5YjqAAn1xAS4="
  },
  "model": "sessions.session",
  "pk": "ik0fm4kvm2nsep94ot5ffa7rv3i81jql"
},
{
  "fields": {
    "expire_date": "2015-10-06T05:40:35.518",
    "session_data": "MTJkMjBkNDU2NzZlZDNiOWYxOTU2MmY2NmNlNjIyNmI4ZTBmMDE5YjqAAn1xAS4="
  },
  "model": "sessions.session",
  "pk": "ilhuvs2a58fe3mx8o5p2vgeqezmy7yah"
},
{
  "fields": {
    "expire_date": "2015-10-06T07:41:41.894",
    "session_data": "MTJkMjBkNDU2NzZlZDNiOWYxOTU2MmY2NmNlNjIyNmI4ZTBmMDE5YjqAAn1xAS4="
  },
  "model": "sessions.session",
  "pk": "ins6nyul78n2gu83qlbxm24pcut4vm1c"
},
{
  "fields": {
    "expire_date": "2015-10-01T20:58:42.830",
    "session_data": "YzhiZDVlNTg4OWRhNWNkMmZkMzQ5NjgzMDEzNTVhODNjOTQ0YzJmYTp7fQ=="
  },
  "model": "sessions.session",
  "pk": "ipw4ao9s3da3r1cqzcwzh7o8lnirhmny"
},
{
  "fields": {
    "expire_date": "2015-10-01T20:48:40.494",
    "session_data": "YzhiZDVlNTg4OWRhNWNkMmZkMzQ5NjgzMDEzNTVhODNjOTQ0YzJmYTp7fQ=="
  },
  "model": "sessions.session",
  "pk": "iro72xh1dvpwr3k3a58yi7woykhm31tn"
},
{
  "fields": {
    "expire_date": "2015-10-06T05:47:42.198",
    "session_data": "MTJkMjBkNDU2NzZlZDNiOWYxOTU2MmY2NmNlNjIyNmI4ZTBmMDE5YjqAAn1xAS4="
  },
  "model": "sessions.session",
  "pk": "iuh6zen93cglsvyy6n2kshndbbn2xarg"
},
{
  "fields": {
    "expire_date": "2015-10-03T00:19:34.101",
    "session_data": "YzhiZDVlNTg4OWRhNWNkMmZkMzQ5NjgzMDEzNTVhODNjOTQ0YzJmYTp7fQ=="
  },
  "model": "sessions.session",
  "pk": "ivjp7jlz8vg6ha8ukga54lzhvd4o2sgk"
},
{
  "fields": {
    "expire_date": "2015-10-06T07:01:06.287",
    "session_data": "MTJkMjBkNDU2NzZlZDNiOWYxOTU2MmY2NmNlNjIyNmI4ZTBmMDE5YjqAAn1xAS4="
  },
  "model": "sessions.session",
  "pk": "iwi8b0h0lymep0dd7nufvttg3ixs8ipz"
},
{
  "fields": {
    "expire_date": "2015-10-06T05:46:27.746",
    "session_data": "MTJkMjBkNDU2NzZlZDNiOWYxOTU2MmY2NmNlNjIyNmI4ZTBmMDE5YjqAAn1xAS4="
  },
  "model": "sessions.session",
  "pk": "iy0agtk4jagjnfkg5n439rq0pdhwynro"
},
{
  "fields": {
    "expire_date": "2015-10-06T05:40:05.050",
    "session_data": "MTJkMjBkNDU2NzZlZDNiOWYxOTU2MmY2NmNlNjIyNmI4ZTBmMDE5YjqAAn1xAS4="
  },
  "model": "sessions.session",
  "pk": "iyw0mnkxgf1awjv8lqatp1amqqdyq0sd"
},
{
  "fields": {
    "expire_date": "2015-10-06T03:58:47.129",
    "session_data": "MTJkMjBkNDU2NzZlZDNiOWYxOTU2MmY2NmNlNjIyNmI4ZTBmMDE5YjqAAn1xAS4="
  },
  "model": "sessions.session",
  "pk": "j0sp2qq3ntb4ruuawqdzf2ca5e9m2oc9"
},
{
  "fields": {
    "expire_date": "2015-10-03T00:11:53.481",
    "session_data": "YzhiZDVlNTg4OWRhNWNkMmZkMzQ5NjgzMDEzNTVhODNjOTQ0YzJmYTp7fQ=="
  },
  "model": "sessions.session",
  "pk": "j0sww6gz7twtysi9cc28ubjqqanxrz85"
},
{
  "fields": {
    "expire_date": "2015-10-06T02:49:03.044",
    "session_data": "MTJkMjBkNDU2NzZlZDNiOWYxOTU2MmY2NmNlNjIyNmI4ZTBmMDE5YjqAAn1xAS4="
  },
  "model": "sessions.session",
  "pk": "j6nnibcq1vivftmn6wq2z33th5tkw102"
},
{
  "fields": {
    "expire_date": "2015-10-06T06:34:34.570",
    "session_data": "MTJkMjBkNDU2NzZlZDNiOWYxOTU2MmY2NmNlNjIyNmI4ZTBmMDE5YjqAAn1xAS4="
  },
  "model": "sessions.session",
  "pk": "j711kkuydrmtxfextcifkrjyllrx5z4n"
},
{
  "fields": {
    "expire_date": "2015-10-01T20:42:10.729",
    "session_data": "YzhiZDVlNTg4OWRhNWNkMmZkMzQ5NjgzMDEzNTVhODNjOTQ0YzJmYTp7fQ=="
  },
  "model": "sessions.session",
  "pk": "j7w1a8mrp4c31w73ue6q1qytgvbemz01"
},
{
  "fields": {
    "expire_date": "2015-10-06T03:49:37.769",
    "session_data": "MTJkMjBkNDU2NzZlZDNiOWYxOTU2MmY2NmNlNjIyNmI4ZTBmMDE5YjqAAn1xAS4="
  },
  "model": "sessions.session",
  "pk": "j8b31mwxa4ok4rkcth338lp1wr5s3v88"
},
{
  "fields": {
    "expire_date": "2015-10-01T20:48:35.072",
    "session_data": "YzhiZDVlNTg4OWRhNWNkMmZkMzQ5NjgzMDEzNTVhODNjOTQ0YzJmYTp7fQ=="
  },
  "model": "sessions.session",
  "pk": "jdu4bf9zyswlynpr6riividho8d9tw9g"
},
{
  "fields": {
    "expire_date": "2015-10-06T01:02:56.185",
    "session_data": "MTJkMjBkNDU2NzZlZDNiOWYxOTU2MmY2NmNlNjIyNmI4ZTBmMDE5YjqAAn1xAS4="
  },
  "model": "sessions.session",
  "pk": "je7422tgzrudo6ivmi4rokfd4lj85wd5"
},
{
  "fields": {
    "expire_date": "2015-10-06T07:27:20.480",
    "session_data": "MTJkMjBkNDU2NzZlZDNiOWYxOTU2MmY2NmNlNjIyNmI4ZTBmMDE5YjqAAn1xAS4="
  },
  "model": "sessions.session",
  "pk": "jep6yodhegjrwwkiqreec2ydma20v64v"
},
{
  "fields": {
    "expire_date": "2015-10-06T07:05:16.673",
    "session_data": "MTJkMjBkNDU2NzZlZDNiOWYxOTU2MmY2NmNlNjIyNmI4ZTBmMDE5YjqAAn1xAS4="
  },
  "model": "sessions.session",
  "pk": "jf667wuhyah071f6mc46687wqgfcvlv9"
},
{
  "fields": {
    "expire_date": "2015-10-07T06:18:57.890",
    "session_data": "MzE0Mjk2NzhkNjUzZDcxMDg4MDA0ZDI0ODFlYjFiZjJkYjA1ZjEzZDqAAn1xAShVD19hdXRoX3VzZXJfaGFzaFUoODI4MzgxYzZkM2UzNDVlZGE2MzViZGI3ZDAzNGZjNWFkODJkMWIwM1UNX2F1dGhfdXNlcl9pZFgBAAAANlUec29jaWFsX2F1dGhfbGFzdF9sb2dpbl9iYWNrZW5kWAgAAAB2ay1vYXV0aFUSX2F1dGhfdXNlcl9iYWNrZW5kVS9zb2NpYWxfYXV0aC5iYWNrZW5kcy5jb250cmliLnZrLlZLT0F1dGgyQmFja2VuZFUOdmstb2F1dGhfc3RhdGVYIAAAAGRiS01weDJOZHliZ2FDcDNDc29oQ2NGT21BMU9WUG42VQR2aWV3cQJYBAAAAGdyaWRxA3Uu"
  },
  "model": "sessions.session",
  "pk": "jfwazxt8gzot7jt445qw7z4ruo5rzqdg"
},
{
  "fields": {
    "expire_date": "2015-10-03T00:12:04.802",
    "session_data": "YzhiZDVlNTg4OWRhNWNkMmZkMzQ5NjgzMDEzNTVhODNjOTQ0YzJmYTp7fQ=="
  },
  "model": "sessions.session",
  "pk": "jg28176hg0np17jc9ptbxl6suxf621qm"
},
{
  "fields": {
    "expire_date": "2015-10-02T23:58:14.607",
    "session_data": "YzhiZDVlNTg4OWRhNWNkMmZkMzQ5NjgzMDEzNTVhODNjOTQ0YzJmYTp7fQ=="
  },
  "model": "sessions.session",
  "pk": "jogxh65fvj08cqbpnzkjye93u5ikn94i"
},
{
  "fields": {
    "expire_date": "2015-10-06T05:27:51.694",
    "session_data": "MTJkMjBkNDU2NzZlZDNiOWYxOTU2MmY2NmNlNjIyNmI4ZTBmMDE5YjqAAn1xAS4="
  },
  "model": "sessions.session",
  "pk": "jq49bzy7e2fnjhabtsjdyeozpzf3jv5d"
},
{
  "fields": {
    "expire_date": "2015-10-03T00:19:04.803",
    "session_data": "YzhiZDVlNTg4OWRhNWNkMmZkMzQ5NjgzMDEzNTVhODNjOTQ0YzJmYTp7fQ=="
  },
  "model": "sessions.session",
  "pk": "jtq89jw0zkoltwgipci4obb22yblgm1a"
},
{
  "fields": {
    "expire_date": "2015-10-03T00:18:24.030",
    "session_data": "YzhiZDVlNTg4OWRhNWNkMmZkMzQ5NjgzMDEzNTVhODNjOTQ0YzJmYTp7fQ=="
  },
  "model": "sessions.session",
  "pk": "ju6abhdcn8ekn02otoqt8j5hn2tyteqg"
},
{
  "fields": {
    "expire_date": "2015-10-06T03:50:51.932",
    "session_data": "MTJkMjBkNDU2NzZlZDNiOWYxOTU2MmY2NmNlNjIyNmI4ZTBmMDE5YjqAAn1xAS4="
  },
  "model": "sessions.session",
  "pk": "jwi3uh2lfaf0tfs3tmkcyojkl6v4n14w"
},
{
  "fields": {
    "expire_date": "2015-10-01T21:01:47.146",
    "session_data": "YzhiZDVlNTg4OWRhNWNkMmZkMzQ5NjgzMDEzNTVhODNjOTQ0YzJmYTp7fQ=="
  },
  "model": "sessions.session",
  "pk": "jwl5kvd3mpyxsk64y1npsogatbmsnw8o"
},
{
  "fields": {
    "expire_date": "2015-10-04T22:44:36.953",
    "session_data": "YzhiZDVlNTg4OWRhNWNkMmZkMzQ5NjgzMDEzNTVhODNjOTQ0YzJmYTp7fQ=="
  },
  "model": "sessions.session",
  "pk": "jxs3978j4u6kk1y0t6hug89k22q8pcsq"
},
{
  "fields": {
    "expire_date": "2015-10-06T03:01:32.228",
    "session_data": "MTJkMjBkNDU2NzZlZDNiOWYxOTU2MmY2NmNlNjIyNmI4ZTBmMDE5YjqAAn1xAS4="
  },
  "model": "sessions.session",
  "pk": "jybv4wny5cx1ppgx12lbc8x8ew1w99in"
},
{
  "fields": {
    "expire_date": "2015-10-06T05:33:41.563",
    "session_data": "MTJkMjBkNDU2NzZlZDNiOWYxOTU2MmY2NmNlNjIyNmI4ZTBmMDE5YjqAAn1xAS4="
  },
  "model": "sessions.session",
  "pk": "jyxgfkwum0nae9yipyvxhm93tpyivyhd"
},
{
  "fields": {
    "expire_date": "2015-10-06T05:46:57.635",
    "session_data": "MTJkMjBkNDU2NzZlZDNiOWYxOTU2MmY2NmNlNjIyNmI4ZTBmMDE5YjqAAn1xAS4="
  },
  "model": "sessions.session",
  "pk": "jz7s6facx8h44dx149x61wp1c7leo3dt"
},
{
  "fields": {
    "expire_date": "2015-10-01T20:54:40.555",
    "session_data": "YzhiZDVlNTg4OWRhNWNkMmZkMzQ5NjgzMDEzNTVhODNjOTQ0YzJmYTp7fQ=="
  },
  "model": "sessions.session",
  "pk": "k0y8uqv2k0ln4syultg301j2o9hvuz8e"
},
{
  "fields": {
    "expire_date": "2015-10-01T20:52:25.814",
    "session_data": "YzhiZDVlNTg4OWRhNWNkMmZkMzQ5NjgzMDEzNTVhODNjOTQ0YzJmYTp7fQ=="
  },
  "model": "sessions.session",
  "pk": "k35mqt2s8f68aswdyvnqracx80xf6ew3"
},
{
  "fields": {
    "expire_date": "2015-10-06T04:55:37.643",
    "session_data": "MTJkMjBkNDU2NzZlZDNiOWYxOTU2MmY2NmNlNjIyNmI4ZTBmMDE5YjqAAn1xAS4="
  },
  "model": "sessions.session",
  "pk": "k8kfhtwb0e1liznu3xy8jh6dwfvanx36"
},
{
  "fields": {
    "expire_date": "2015-10-06T05:44:56.824",
    "session_data": "MTJkMjBkNDU2NzZlZDNiOWYxOTU2MmY2NmNlNjIyNmI4ZTBmMDE5YjqAAn1xAS4="
  },
  "model": "sessions.session",
  "pk": "kbw2vujs3jb9ywvua4vh2fwdxthbxsai"
},
{
  "fields": {
    "expire_date": "2015-10-06T03:41:34.333",
    "session_data": "MTJkMjBkNDU2NzZlZDNiOWYxOTU2MmY2NmNlNjIyNmI4ZTBmMDE5YjqAAn1xAS4="
  },
  "model": "sessions.session",
  "pk": "koumciaws32esn4eivd01hhwrcxyfiow"
},
{
  "fields": {
    "expire_date": "2015-10-06T05:36:59.380",
    "session_data": "MTJkMjBkNDU2NzZlZDNiOWYxOTU2MmY2NmNlNjIyNmI4ZTBmMDE5YjqAAn1xAS4="
  },
  "model": "sessions.session",
  "pk": "kxy1me004famkhns8oxjm86isms9y6f2"
},
{
  "fields": {
    "expire_date": "2015-10-06T01:09:08.540",
    "session_data": "MTJkMjBkNDU2NzZlZDNiOWYxOTU2MmY2NmNlNjIyNmI4ZTBmMDE5YjqAAn1xAS4="
  },
  "model": "sessions.session",
  "pk": "l0urju4es5txv4rco92s7gh4lqyzx537"
},
{
  "fields": {
    "expire_date": "2015-10-06T05:08:57.963",
    "session_data": "MTJkMjBkNDU2NzZlZDNiOWYxOTU2MmY2NmNlNjIyNmI4ZTBmMDE5YjqAAn1xAS4="
  },
  "model": "sessions.session",
  "pk": "lcbeucpl12yrdimi0ho22sxfj0ca1fj0"
},
{
  "fields": {
    "expire_date": "2015-10-01T20:50:36.216",
    "session_data": "YzhiZDVlNTg4OWRhNWNkMmZkMzQ5NjgzMDEzNTVhODNjOTQ0YzJmYTp7fQ=="
  },
  "model": "sessions.session",
  "pk": "li4gijw4zew2ufmrvoqu8sdosl0b7n66"
},
{
  "fields": {
    "expire_date": "2015-10-01T20:54:18.058",
    "session_data": "YzhiZDVlNTg4OWRhNWNkMmZkMzQ5NjgzMDEzNTVhODNjOTQ0YzJmYTp7fQ=="
  },
  "model": "sessions.session",
  "pk": "ll6mftowp7vnji1wzyabl4hjnszxxibi"
},
{
  "fields": {
    "expire_date": "2015-10-06T06:52:20.411",
    "session_data": "MTJkMjBkNDU2NzZlZDNiOWYxOTU2MmY2NmNlNjIyNmI4ZTBmMDE5YjqAAn1xAS4="
  },
  "model": "sessions.session",
  "pk": "lm8y6a93ms26378aqnp6ycj8kf13k2zw"
},
{
  "fields": {
    "expire_date": "2015-10-03T00:17:15.685",
    "session_data": "YzhiZDVlNTg4OWRhNWNkMmZkMzQ5NjgzMDEzNTVhODNjOTQ0YzJmYTp7fQ=="
  },
  "model": "sessions.session",
  "pk": "lu3qwfw9shpj6q8sb7scwif5jsl7caqo"
},
{
  "fields": {
    "expire_date": "2015-10-01T20:47:51.232",
    "session_data": "YzhiZDVlNTg4OWRhNWNkMmZkMzQ5NjgzMDEzNTVhODNjOTQ0YzJmYTp7fQ=="
  },
  "model": "sessions.session",
  "pk": "lvwudqfidc7eina4w6h07yp29zuzfydq"
},
{
  "fields": {
    "expire_date": "2015-10-07T22:08:55.963",
    "session_data": "NzUyNDk2MzFlZjg2MWU5ZjY3ZTUyMjA1NjI0ZjVjY2RkN2UxNjAwYjqAAn1xAVUEdmlld1gEAAAAZ3JpZHECcy4="
  },
  "model": "sessions.session",
  "pk": "m411x6kle5e4qca1fa43x0mmpur7ldkx"
},
{
  "fields": {
    "expire_date": "2015-10-06T02:51:06.600",
    "session_data": "MTJkMjBkNDU2NzZlZDNiOWYxOTU2MmY2NmNlNjIyNmI4ZTBmMDE5YjqAAn1xAS4="
  },
  "model": "sessions.session",
  "pk": "m7epcregmq8zxe46abc8o7ikkbyocbuu"
},
{
  "fields": {
    "expire_date": "2015-10-06T03:57:03.261",
    "session_data": "MTJkMjBkNDU2NzZlZDNiOWYxOTU2MmY2NmNlNjIyNmI4ZTBmMDE5YjqAAn1xAS4="
  },
  "model": "sessions.session",
  "pk": "m7vm04jlhyhx08rdzk48nna1p9nufozn"
},
{
  "fields": {
    "expire_date": "2015-10-06T03:07:11.328",
    "session_data": "MTJkMjBkNDU2NzZlZDNiOWYxOTU2MmY2NmNlNjIyNmI4ZTBmMDE5YjqAAn1xAS4="
  },
  "model": "sessions.session",
  "pk": "mcehkztcjsunyebopvk9pqiiq1n2jq1h"
},
{
  "fields": {
    "expire_date": "2015-10-01T20:48:35.528",
    "session_data": "YzhiZDVlNTg4OWRhNWNkMmZkMzQ5NjgzMDEzNTVhODNjOTQ0YzJmYTp7fQ=="
  },
  "model": "sessions.session",
  "pk": "mhh89ruyfm1sfjb6sr3t52zi0h5zjbtu"
},
{
  "fields": {
    "expire_date": "2015-10-06T05:42:18.936",
    "session_data": "MTJkMjBkNDU2NzZlZDNiOWYxOTU2MmY2NmNlNjIyNmI4ZTBmMDE5YjqAAn1xAS4="
  },
  "model": "sessions.session",
  "pk": "mja479u8abnksdsm99k53mpzer55ejx7"
},
{
  "fields": {
    "expire_date": "2015-10-06T05:49:37.775",
    "session_data": "MTJkMjBkNDU2NzZlZDNiOWYxOTU2MmY2NmNlNjIyNmI4ZTBmMDE5YjqAAn1xAS4="
  },
  "model": "sessions.session",
  "pk": "mks37a7biv8hdwdlwl3bk6zhgcx4u2u3"
},
{
  "fields": {
    "expire_date": "2015-10-06T02:28:12.240",
    "session_data": "MTJkMjBkNDU2NzZlZDNiOWYxOTU2MmY2NmNlNjIyNmI4ZTBmMDE5YjqAAn1xAS4="
  },
  "model": "sessions.session",
  "pk": "mkyq398w3y5hvr5bi7s2pdmbqd3y7uhl"
},
{
  "fields": {
    "expire_date": "2015-10-06T01:09:42.819",
    "session_data": "MTJkMjBkNDU2NzZlZDNiOWYxOTU2MmY2NmNlNjIyNmI4ZTBmMDE5YjqAAn1xAS4="
  },
  "model": "sessions.session",
  "pk": "mmu9fy8jcwvavxc4rj0iwqdq6gh6zvq1"
},
{
  "fields": {
    "expire_date": "2015-10-01T21:04:12.172",
    "session_data": "YzhiZDVlNTg4OWRhNWNkMmZkMzQ5NjgzMDEzNTVhODNjOTQ0YzJmYTp7fQ=="
  },
  "model": "sessions.session",
  "pk": "mn2xgj37ro910fa3aon5f5ppew99tfci"
},
{
  "fields": {
    "expire_date": "2015-10-06T05:45:29.346",
    "session_data": "MTJkMjBkNDU2NzZlZDNiOWYxOTU2MmY2NmNlNjIyNmI4ZTBmMDE5YjqAAn1xAS4="
  },
  "model": "sessions.session",
  "pk": "mnnmlrfawol7wna8qzl0tm3fsdwnnktj"
},
{
  "fields": {
    "expire_date": "2015-10-07T18:35:10.240",
    "session_data": "ZTc3MjFjODUxMWM0YTg1NjZmNzAxNzU0ZmVkOGMwZmY5YzgwNzE1YjqAAn1xAShVDnZrLW9hdXRoX3N0YXRlWCAAAABIQk5GMGFRTWpaQlhuZUVWSVkxTFN1VzZLYjd2aXFuMlUEdmlld3ECWAQAAABncmlkcQN1Lg=="
  },
  "model": "sessions.session",
  "pk": "mtygiqqhgz9sn64hahouwo1rle7mpvhb"
},
{
  "fields": {
    "expire_date": "2015-10-06T05:05:40.085",
    "session_data": "MTJkMjBkNDU2NzZlZDNiOWYxOTU2MmY2NmNlNjIyNmI4ZTBmMDE5YjqAAn1xAS4="
  },
  "model": "sessions.session",
  "pk": "mvrn5pa2tgpg6h99aqkmuzn5y5y7oqoo"
},
{
  "fields": {
    "expire_date": "2015-10-05T01:18:34.860",
    "session_data": "YzhiZDVlNTg4OWRhNWNkMmZkMzQ5NjgzMDEzNTVhODNjOTQ0YzJmYTp7fQ=="
  },
  "model": "sessions.session",
  "pk": "na3xx5xj5nbf6hf2g1tf4el1tv1s2hwa"
},
{
  "fields": {
    "expire_date": "2015-10-06T04:02:12.991",
    "session_data": "MTJkMjBkNDU2NzZlZDNiOWYxOTU2MmY2NmNlNjIyNmI4ZTBmMDE5YjqAAn1xAS4="
  },
  "model": "sessions.session",
  "pk": "ncrnkccqthiu1m64oq77do84aftwayau"
},
{
  "fields": {
    "expire_date": "2015-10-03T00:17:22.156",
    "session_data": "YzhiZDVlNTg4OWRhNWNkMmZkMzQ5NjgzMDEzNTVhODNjOTQ0YzJmYTp7fQ=="
  },
  "model": "sessions.session",
  "pk": "nffneb3nmfxsx6x0smwokdg6l27tf0hu"
},
{
  "fields": {
    "expire_date": "2015-10-06T06:32:34.875",
    "session_data": "MTJkMjBkNDU2NzZlZDNiOWYxOTU2MmY2NmNlNjIyNmI4ZTBmMDE5YjqAAn1xAS4="
  },
  "model": "sessions.session",
  "pk": "ngks64cxj32cpkf1fnc55dvh0amjhby9"
},
{
  "fields": {
    "expire_date": "2015-10-06T08:08:58.643",
    "session_data": "MTJkMjBkNDU2NzZlZDNiOWYxOTU2MmY2NmNlNjIyNmI4ZTBmMDE5YjqAAn1xAS4="
  },
  "model": "sessions.session",
  "pk": "nm9zfv7vz38cboypmtjvfs9fas8s6or1"
},
{
  "fields": {
    "expire_date": "2015-10-06T05:50:23.617",
    "session_data": "MTJkMjBkNDU2NzZlZDNiOWYxOTU2MmY2NmNlNjIyNmI4ZTBmMDE5YjqAAn1xAS4="
  },
  "model": "sessions.session",
  "pk": "nnpmx0k3too8mn1numds37f579avyqzr"
},
{
  "fields": {
    "expire_date": "2015-10-06T03:01:49.427",
    "session_data": "MTJkMjBkNDU2NzZlZDNiOWYxOTU2MmY2NmNlNjIyNmI4ZTBmMDE5YjqAAn1xAS4="
  },
  "model": "sessions.session",
  "pk": "nqtpgz69w19t9pqqnfq3nrt6oef9xfij"
},
{
  "fields": {
    "expire_date": "2015-10-04T22:44:18.320",
    "session_data": "YzhiZDVlNTg4OWRhNWNkMmZkMzQ5NjgzMDEzNTVhODNjOTQ0YzJmYTp7fQ=="
  },
  "model": "sessions.session",
  "pk": "nt4qkv3ynlhhgrxg7fe331c6u04p86ez"
},
{
  "fields": {
    "expire_date": "2015-10-06T05:26:03.864",
    "session_data": "MTJkMjBkNDU2NzZlZDNiOWYxOTU2MmY2NmNlNjIyNmI4ZTBmMDE5YjqAAn1xAS4="
  },
  "model": "sessions.session",
  "pk": "ny3ceza41m7da1j57q2lkm07d887r5nd"
},
{
  "fields": {
    "expire_date": "2015-10-06T05:47:39.418",
    "session_data": "MTJkMjBkNDU2NzZlZDNiOWYxOTU2MmY2NmNlNjIyNmI4ZTBmMDE5YjqAAn1xAS4="
  },
  "model": "sessions.session",
  "pk": "nz9tqumnkh6bwmbu0ey4o1cu3h4f7j7m"
},
{
  "fields": {
    "expire_date": "2015-10-05T01:13:58.668",
    "session_data": "ZjFlOTYyMzFhMGFkYWYyOTgwN2JmOGFhODlmZjY5OTNhZjFlMmE0Mzp7ImZhY2Vib29rX3N0YXRlIjoicWRJSmU3Z2gxRG9UWEl6YmZxOGxOaERSUllIVzhvVEQifQ=="
  },
  "model": "sessions.session",
  "pk": "o87zu4a0w7a6wng0o2ogrv2mgl9iv96g"
},
{
  "fields": {
    "expire_date": "2015-10-03T00:07:09.319",
    "session_data": "YzhiZDVlNTg4OWRhNWNkMmZkMzQ5NjgzMDEzNTVhODNjOTQ0YzJmYTp7fQ=="
  },
  "model": "sessions.session",
  "pk": "oe26xb7d9slp13fwcpzyucqsh1d4bk6m"
},
{
  "fields": {
    "expire_date": "2015-10-01T20:50:33.924",
    "session_data": "YzhiZDVlNTg4OWRhNWNkMmZkMzQ5NjgzMDEzNTVhODNjOTQ0YzJmYTp7fQ=="
  },
  "model": "sessions.session",
  "pk": "ojmzj0j5jm9mw07c1p74ha00ijuhgm9j"
},
{
  "fields": {
    "expire_date": "2015-10-01T20:58:38.726",
    "session_data": "YzhiZDVlNTg4OWRhNWNkMmZkMzQ5NjgzMDEzNTVhODNjOTQ0YzJmYTp7fQ=="
  },
  "model": "sessions.session",
  "pk": "ol8rbwdjtkanwx5wils165urh8vab5nm"
},
{
  "fields": {
    "expire_date": "2015-10-01T20:52:26.075",
    "session_data": "YzhiZDVlNTg4OWRhNWNkMmZkMzQ5NjgzMDEzNTVhODNjOTQ0YzJmYTp7fQ=="
  },
  "model": "sessions.session",
  "pk": "opy0nmuqzvtx1wt6iihwmowvakh4nf63"
},
{
  "fields": {
    "expire_date": "2015-10-06T04:45:42.554",
    "session_data": "MTJkMjBkNDU2NzZlZDNiOWYxOTU2MmY2NmNlNjIyNmI4ZTBmMDE5YjqAAn1xAS4="
  },
  "model": "sessions.session",
  "pk": "ouiutoyeofwm3wdu06p59spiditr8tw6"
},
{
  "fields": {
    "expire_date": "2015-10-06T05:26:07.273",
    "session_data": "MTJkMjBkNDU2NzZlZDNiOWYxOTU2MmY2NmNlNjIyNmI4ZTBmMDE5YjqAAn1xAS4="
  },
  "model": "sessions.session",
  "pk": "ox63l0okj4u0kb1orml2yylk769zvbr4"
},
{
  "fields": {
    "expire_date": "2015-10-07T06:18:28.920",
    "session_data": "ZTQ1OWQ1MTJlZTU0NTE0NTQxZTQzMGRiOTZjODQyNTdlZjc3ZGQwNDqAAn1xAShVDnZrLW9hdXRoX3N0YXRlWCAAAABpd3VrQmtGWUFEZUZsWGlWdDYzOEE1aDljZ2liWEJ3RVUEdmlld1gEAAAAZ3JpZHUu"
  },
  "model": "sessions.session",
  "pk": "oxt9qxerqf0g84gj5uauafe5vp2jdtk3"
},
{
  "fields": {
    "expire_date": "2015-10-03T00:11:00.672",
    "session_data": "YzhiZDVlNTg4OWRhNWNkMmZkMzQ5NjgzMDEzNTVhODNjOTQ0YzJmYTp7fQ=="
  },
  "model": "sessions.session",
  "pk": "oyedyc0ix8qicjm6f5xpeqs44ngr0362"
},
{
  "fields": {
    "expire_date": "2015-10-03T00:13:51.798",
    "session_data": "YzhiZDVlNTg4OWRhNWNkMmZkMzQ5NjgzMDEzNTVhODNjOTQ0YzJmYTp7fQ=="
  },
  "model": "sessions.session",
  "pk": "pamlb4sm1f922jshf87uecro4gqrbwo8"
},
{
  "fields": {
    "expire_date": "2015-10-05T01:18:38.847",
    "session_data": "YzhiZDVlNTg4OWRhNWNkMmZkMzQ5NjgzMDEzNTVhODNjOTQ0YzJmYTp7fQ=="
  },
  "model": "sessions.session",
  "pk": "pbn50kpd7v9tcfo0ug43csybo0zost9b"
},
{
  "fields": {
    "expire_date": "2015-10-01T20:48:32.284",
    "session_data": "YzhiZDVlNTg4OWRhNWNkMmZkMzQ5NjgzMDEzNTVhODNjOTQ0YzJmYTp7fQ=="
  },
  "model": "sessions.session",
  "pk": "pdr9dqj6tmsqjzhrrznsgwd181g6jj53"
},
{
  "fields": {
    "expire_date": "2015-10-06T07:00:57.143",
    "session_data": "MTJkMjBkNDU2NzZlZDNiOWYxOTU2MmY2NmNlNjIyNmI4ZTBmMDE5YjqAAn1xAS4="
  },
  "model": "sessions.session",
  "pk": "pe1hkk1zs0tmhmqo544517ofnlmqt9an"
},
{
  "fields": {
    "expire_date": "2015-10-04T20:55:34.186",
    "session_data": "YzhiZDVlNTg4OWRhNWNkMmZkMzQ5NjgzMDEzNTVhODNjOTQ0YzJmYTp7fQ=="
  },
  "model": "sessions.session",
  "pk": "pkk77jzmrgokbraowrskobu4f9uc5s46"
},
{
  "fields": {
    "expire_date": "2015-10-06T03:41:49.533",
    "session_data": "MTJkMjBkNDU2NzZlZDNiOWYxOTU2MmY2NmNlNjIyNmI4ZTBmMDE5YjqAAn1xAS4="
  },
  "model": "sessions.session",
  "pk": "plrix5ky618upoj8u16wpfaq8g2llvmw"
},
{
  "fields": {
    "expire_date": "2015-10-06T04:55:32.790",
    "session_data": "MTJkMjBkNDU2NzZlZDNiOWYxOTU2MmY2NmNlNjIyNmI4ZTBmMDE5YjqAAn1xAS4="
  },
  "model": "sessions.session",
  "pk": "prp8fe91lnrhuef8nxg3eyl85kvq15jx"
},
{
  "fields": {
    "expire_date": "2015-10-07T04:17:58.941",
    "session_data": "MTJkMjBkNDU2NzZlZDNiOWYxOTU2MmY2NmNlNjIyNmI4ZTBmMDE5YjqAAn1xAS4="
  },
  "model": "sessions.session",
  "pk": "pt19eehuczkbo3ogvk7bhbe4jhrr7lpb"
},
{
  "fields": {
    "expire_date": "2015-10-06T03:51:50.653",
    "session_data": "MTJkMjBkNDU2NzZlZDNiOWYxOTU2MmY2NmNlNjIyNmI4ZTBmMDE5YjqAAn1xAS4="
  },
  "model": "sessions.session",
  "pk": "pwh99eq3cjo18syo1xv5vgfcfkbl5akc"
},
{
  "fields": {
    "expire_date": "2015-10-06T04:00:55.509",
    "session_data": "MTJkMjBkNDU2NzZlZDNiOWYxOTU2MmY2NmNlNjIyNmI4ZTBmMDE5YjqAAn1xAS4="
  },
  "model": "sessions.session",
  "pk": "q52x8v46dliq260ref28e2aukxuxgmdt"
},
{
  "fields": {
    "expire_date": "2015-10-01T20:42:53.534",
    "session_data": "YzhiZDVlNTg4OWRhNWNkMmZkMzQ5NjgzMDEzNTVhODNjOTQ0YzJmYTp7fQ=="
  },
  "model": "sessions.session",
  "pk": "qkbmny1qmxvm5jwse8gua2t5tzmo1tyo"
},
{
  "fields": {
    "expire_date": "2015-10-06T04:23:20.986",
    "session_data": "MTJkMjBkNDU2NzZlZDNiOWYxOTU2MmY2NmNlNjIyNmI4ZTBmMDE5YjqAAn1xAS4="
  },
  "model": "sessions.session",
  "pk": "qnru3k1f5iwiqrxomu0p9aayj1k1meu3"
},
{
  "fields": {
    "expire_date": "2015-10-01T21:01:48.594",
    "session_data": "YzhiZDVlNTg4OWRhNWNkMmZkMzQ5NjgzMDEzNTVhODNjOTQ0YzJmYTp7fQ=="
  },
  "model": "sessions.session",
  "pk": "qqzccq84xdcgy90oxbhwzdc0z491aknn"
},
{
  "fields": {
    "expire_date": "2015-09-30T17:41:21.675",
    "session_data": "YmUzNzFjN2JlYzIyNGQ0ODc5MWI2MjMyYzUxNjFkZThhYmM3Yzg4ODp7Il9hdXRoX3VzZXJfaGFzaCI6IjQxMWMxODgwODI4Mzc1OTVlZmU3MDE2ZDA0ZmZiYTBmN2NhZGI3MjMiLCJfYXV0aF91c2VyX2JhY2tlbmQiOiJkamFuZ28uY29udHJpYi5hdXRoLmJhY2tlbmRzLk1vZGVsQmFja2VuZCIsIl9hdXRoX3VzZXJfaWQiOiIyIn0="
  },
  "model": "sessions.session",
  "pk": "qrrd2vz7eit5894d73sdizn6sk0qn93v"
},
{
  "fields": {
    "expire_date": "2015-10-06T05:41:18.472",
    "session_data": "MTJkMjBkNDU2NzZlZDNiOWYxOTU2MmY2NmNlNjIyNmI4ZTBmMDE5YjqAAn1xAS4="
  },
  "model": "sessions.session",
  "pk": "qry549nmic8lg5jb7duebfifs9ep24om"
},
{
  "fields": {
    "expire_date": "2015-10-05T01:54:45.671",
    "session_data": "MTJkMjBkNDU2NzZlZDNiOWYxOTU2MmY2NmNlNjIyNmI4ZTBmMDE5YjqAAn1xAS4="
  },
  "model": "sessions.session",
  "pk": "qup5cwukj16dr22zslwdjspp306whdbv"
},
{
  "fields": {
    "expire_date": "2015-10-06T04:30:22.979",
    "session_data": "MTJkMjBkNDU2NzZlZDNiOWYxOTU2MmY2NmNlNjIyNmI4ZTBmMDE5YjqAAn1xAS4="
  },
  "model": "sessions.session",
  "pk": "r89eyql8iz9qvrn01rvd5kkmmgcrd1wz"
},
{
  "fields": {
    "expire_date": "2015-10-06T05:34:15.083",
    "session_data": "MTJkMjBkNDU2NzZlZDNiOWYxOTU2MmY2NmNlNjIyNmI4ZTBmMDE5YjqAAn1xAS4="
  },
  "model": "sessions.session",
  "pk": "rbfjzl3khs142d7g4i51cvzoub4lsecl"
},
{
  "fields": {
    "expire_date": "2015-10-06T07:00:51.849",
    "session_data": "MTJkMjBkNDU2NzZlZDNiOWYxOTU2MmY2NmNlNjIyNmI4ZTBmMDE5YjqAAn1xAS4="
  },
  "model": "sessions.session",
  "pk": "rgpiladjx79tvo1mp5mhpok2r8j8gbv4"
},
{
  "fields": {
    "expire_date": "2015-10-06T04:27:48.233",
    "session_data": "MTJkMjBkNDU2NzZlZDNiOWYxOTU2MmY2NmNlNjIyNmI4ZTBmMDE5YjqAAn1xAS4="
  },
  "model": "sessions.session",
  "pk": "rocirulfatjj6td8cferdrbxyxhbmbgf"
},
{
  "fields": {
    "expire_date": "2015-10-06T04:33:54.178",
    "session_data": "MTJkMjBkNDU2NzZlZDNiOWYxOTU2MmY2NmNlNjIyNmI4ZTBmMDE5YjqAAn1xAS4="
  },
  "model": "sessions.session",
  "pk": "rtj420gu1a94f0okjfqpzfyi6gfmti5w"
},
{
  "fields": {
    "expire_date": "2015-10-01T21:04:14.405",
    "session_data": "YzhiZDVlNTg4OWRhNWNkMmZkMzQ5NjgzMDEzNTVhODNjOTQ0YzJmYTp7fQ=="
  },
  "model": "sessions.session",
  "pk": "rtuo30rhjptsbmtde5voquywn9qxc7l1"
},
{
  "fields": {
    "expire_date": "2015-10-06T02:49:12.152",
    "session_data": "MTJkMjBkNDU2NzZlZDNiOWYxOTU2MmY2NmNlNjIyNmI4ZTBmMDE5YjqAAn1xAS4="
  },
  "model": "sessions.session",
  "pk": "rwiicp079q1uefsi8h1jnb3l7g72h112"
},
{
  "fields": {
    "expire_date": "2015-10-03T00:19:54.621",
    "session_data": "YzhiZDVlNTg4OWRhNWNkMmZkMzQ5NjgzMDEzNTVhODNjOTQ0YzJmYTp7fQ=="
  },
  "model": "sessions.session",
  "pk": "rzlrug5yq2qsoe6bxhkcvsmcolba1fj5"
},
{
  "fields": {
    "expire_date": "2015-10-06T03:55:57.572",
    "session_data": "MTJkMjBkNDU2NzZlZDNiOWYxOTU2MmY2NmNlNjIyNmI4ZTBmMDE5YjqAAn1xAS4="
  },
  "model": "sessions.session",
  "pk": "s24ts2zjxsozq5kqfqtt8bilxwco7v03"
},
{
  "fields": {
    "expire_date": "2015-10-06T04:00:09.128",
    "session_data": "MTJkMjBkNDU2NzZlZDNiOWYxOTU2MmY2NmNlNjIyNmI4ZTBmMDE5YjqAAn1xAS4="
  },
  "model": "sessions.session",
  "pk": "sbw0smb5y2q5s2geie5ssu0u5uefqtf9"
},
{
  "fields": {
    "expire_date": "2015-10-04T20:58:51.396",
    "session_data": "YzhiZDVlNTg4OWRhNWNkMmZkMzQ5NjgzMDEzNTVhODNjOTQ0YzJmYTp7fQ=="
  },
  "model": "sessions.session",
  "pk": "sfchdjur2y297jakw73lgxrejie4wfwx"
},
{
  "fields": {
    "expire_date": "2015-10-06T04:33:51.802",
    "session_data": "MTJkMjBkNDU2NzZlZDNiOWYxOTU2MmY2NmNlNjIyNmI4ZTBmMDE5YjqAAn1xAS4="
  },
  "model": "sessions.session",
  "pk": "sfom5fib91ipru3dx5dhcabpgj3iw3wg"
},
{
  "fields": {
    "expire_date": "2015-10-06T07:29:17.493",
    "session_data": "MTJkMjBkNDU2NzZlZDNiOWYxOTU2MmY2NmNlNjIyNmI4ZTBmMDE5YjqAAn1xAS4="
  },
  "model": "sessions.session",
  "pk": "sh1ylhiyz0x4tolagi6gmgtilaa2ic8j"
},
{
  "fields": {
    "expire_date": "2015-10-06T04:35:48.202",
    "session_data": "MTJkMjBkNDU2NzZlZDNiOWYxOTU2MmY2NmNlNjIyNmI4ZTBmMDE5YjqAAn1xAS4="
  },
  "model": "sessions.session",
  "pk": "si0ql7qe55apgac49kd86dmvon6fbati"
},
{
  "fields": {
    "expire_date": "2015-10-06T03:56:05.630",
    "session_data": "MTJkMjBkNDU2NzZlZDNiOWYxOTU2MmY2NmNlNjIyNmI4ZTBmMDE5YjqAAn1xAS4="
  },
  "model": "sessions.session",
  "pk": "sid4rirjwdd2293isq66xxxlci03znii"
},
{
  "fields": {
    "expire_date": "2015-10-03T00:09:24.537",
    "session_data": "YzhiZDVlNTg4OWRhNWNkMmZkMzQ5NjgzMDEzNTVhODNjOTQ0YzJmYTp7fQ=="
  },
  "model": "sessions.session",
  "pk": "sjyc3w6wtu5h8yq2h9akrefsq9cl4d1p"
},
{
  "fields": {
    "expire_date": "2015-10-03T00:18:44.853",
    "session_data": "YzhiZDVlNTg4OWRhNWNkMmZkMzQ5NjgzMDEzNTVhODNjOTQ0YzJmYTp7fQ=="
  },
  "model": "sessions.session",
  "pk": "sqvyehbwcyi1fs4m0jqdpl53257ie10h"
},
{
  "fields": {
    "expire_date": "2015-10-06T03:47:07.952",
    "session_data": "MTJkMjBkNDU2NzZlZDNiOWYxOTU2MmY2NmNlNjIyNmI4ZTBmMDE5YjqAAn1xAS4="
  },
  "model": "sessions.session",
  "pk": "suqw1lw07orezkkwcg9rhkb81y2fr1ma"
},
{
  "fields": {
    "expire_date": "2015-10-06T06:52:16.343",
    "session_data": "MTJkMjBkNDU2NzZlZDNiOWYxOTU2MmY2NmNlNjIyNmI4ZTBmMDE5YjqAAn1xAS4="
  },
  "model": "sessions.session",
  "pk": "szw6hzk88xjo4e5g73wscq26swjt2fbr"
},
{
  "fields": {
    "expire_date": "2015-10-06T05:40:33.611",
    "session_data": "MTJkMjBkNDU2NzZlZDNiOWYxOTU2MmY2NmNlNjIyNmI4ZTBmMDE5YjqAAn1xAS4="
  },
  "model": "sessions.session",
  "pk": "t05rlsaztbhdeldui72916ywb4vn01vc"
},
{
  "fields": {
    "expire_date": "2015-10-03T00:19:06.549",
    "session_data": "YzhiZDVlNTg4OWRhNWNkMmZkMzQ5NjgzMDEzNTVhODNjOTQ0YzJmYTp7fQ=="
  },
  "model": "sessions.session",
  "pk": "t2ydix32jg8hnr0l06sw5jiuei2fd6e5"
},
{
  "fields": {
    "expire_date": "2015-10-06T07:44:45.831",
    "session_data": "MTJkMjBkNDU2NzZlZDNiOWYxOTU2MmY2NmNlNjIyNmI4ZTBmMDE5YjqAAn1xAS4="
  },
  "model": "sessions.session",
  "pk": "t69aj8q9xbmt0rjfswsde8a64qd7at2z"
},
{
  "fields": {
    "expire_date": "2015-10-06T03:01:53.731",
    "session_data": "MTJkMjBkNDU2NzZlZDNiOWYxOTU2MmY2NmNlNjIyNmI4ZTBmMDE5YjqAAn1xAS4="
  },
  "model": "sessions.session",
  "pk": "t9ee39czrmvy5sloajjxji1gkpv3cwm4"
},
{
  "fields": {
    "expire_date": "2015-10-03T00:19:56.128",
    "session_data": "YzhiZDVlNTg4OWRhNWNkMmZkMzQ5NjgzMDEzNTVhODNjOTQ0YzJmYTp7fQ=="
  },
  "model": "sessions.session",
  "pk": "tf11vzu2aydzb1uak3qhwu68oab5x6tt"
},
{
  "fields": {
    "expire_date": "2015-09-30T13:39:04.695",
    "session_data": "YzhiZDVlNTg4OWRhNWNkMmZkMzQ5NjgzMDEzNTVhODNjOTQ0YzJmYTp7fQ=="
  },
  "model": "sessions.session",
  "pk": "tk1glgl3e12p7aj3i3r9oq5m6ittepzh"
},
{
  "fields": {
    "expire_date": "2015-10-02T23:52:37.602",
    "session_data": "YzhiZDVlNTg4OWRhNWNkMmZkMzQ5NjgzMDEzNTVhODNjOTQ0YzJmYTp7fQ=="
  },
  "model": "sessions.session",
  "pk": "tks3x1m8gmhhg03s51x09muy56yzbsnl"
},
{
  "fields": {
    "expire_date": "2015-10-01T20:42:07.769",
    "session_data": "YzhiZDVlNTg4OWRhNWNkMmZkMzQ5NjgzMDEzNTVhODNjOTQ0YzJmYTp7fQ=="
  },
  "model": "sessions.session",
  "pk": "tlqymhojsquziky1imt35174zrpvgche"
},
{
  "fields": {
    "expire_date": "2015-10-06T01:33:01.989",
    "session_data": "MTJkMjBkNDU2NzZlZDNiOWYxOTU2MmY2NmNlNjIyNmI4ZTBmMDE5YjqAAn1xAS4="
  },
  "model": "sessions.session",
  "pk": "toqkfyqfcuylk75tzjwt1blvgnvz4ih6"
},
{
  "fields": {
    "expire_date": "2015-10-04T20:59:14.256",
    "session_data": "YzhiZDVlNTg4OWRhNWNkMmZkMzQ5NjgzMDEzNTVhODNjOTQ0YzJmYTp7fQ=="
  },
  "model": "sessions.session",
  "pk": "tvm9tq7k7ufa8052vdlxwe4oc3w6qjkf"
},
{
  "fields": {
    "expire_date": "2015-10-06T03:59:55.768",
    "session_data": "MTJkMjBkNDU2NzZlZDNiOWYxOTU2MmY2NmNlNjIyNmI4ZTBmMDE5YjqAAn1xAS4="
  },
  "model": "sessions.session",
  "pk": "u0d5a8phjbmgatq4f1lcg9lbkqbyu1dh"
},
{
  "fields": {
    "expire_date": "2015-10-01T20:52:26.428",
    "session_data": "YzhiZDVlNTg4OWRhNWNkMmZkMzQ5NjgzMDEzNTVhODNjOTQ0YzJmYTp7fQ=="
  },
  "model": "sessions.session",
  "pk": "u1oz3lwge8ohptvsou82tmc385szaf4n"
},
{
  "fields": {
    "expire_date": "2015-10-04T21:39:14.705",
    "session_data": "YzhiZDVlNTg4OWRhNWNkMmZkMzQ5NjgzMDEzNTVhODNjOTQ0YzJmYTp7fQ=="
  },
  "model": "sessions.session",
  "pk": "ua0y7eaf2jq6o0mp2snw422q20lwjpv5"
},
{
  "fields": {
    "expire_date": "2015-10-06T07:01:30.298",
    "session_data": "MTJkMjBkNDU2NzZlZDNiOWYxOTU2MmY2NmNlNjIyNmI4ZTBmMDE5YjqAAn1xAS4="
  },
  "model": "sessions.session",
  "pk": "uaq1qm13khq0q87wza61d78w7bhcxquf"
},
{
  "fields": {
    "expire_date": "2015-10-06T05:41:28.589",
    "session_data": "MTJkMjBkNDU2NzZlZDNiOWYxOTU2MmY2NmNlNjIyNmI4ZTBmMDE5YjqAAn1xAS4="
  },
  "model": "sessions.session",
  "pk": "ubylu68htzsnv9a8l0lb9fzkjyiigaff"
},
{
  "fields": {
    "expire_date": "2015-10-03T00:18:12.441",
    "session_data": "YzhiZDVlNTg4OWRhNWNkMmZkMzQ5NjgzMDEzNTVhODNjOTQ0YzJmYTp7fQ=="
  },
  "model": "sessions.session",
  "pk": "uj971hlbs8iv389rtdd1oagttaqeqj91"
},
{
  "fields": {
    "expire_date": "2015-10-05T01:14:03.726",
    "session_data": "NDc1Y2Q4Mzc1OTk4YzQ4YTI2MjY1MjMxYTA5YjcwOTU5Nzk3NGJkNjp7ImZhY2Vib29rX3N0YXRlIjoiVWxsNmR2YlREZGp6dmxIQTd3akJNajhUeWpvVkpuYjYifQ=="
  },
  "model": "sessions.session",
  "pk": "uvk5rx5rssc3aeqhqg57jdej354n4hio"
},
{
  "fields": {
    "expire_date": "2015-10-01T20:20:46.888",
    "session_data": "YzhiZDVlNTg4OWRhNWNkMmZkMzQ5NjgzMDEzNTVhODNjOTQ0YzJmYTp7fQ=="
  },
  "model": "sessions.session",
  "pk": "uxvw6btf2wqpqkymj2zih7h6ivakzyes"
},
{
  "fields": {
    "expire_date": "2015-10-01T20:54:16.723",
    "session_data": "YzhiZDVlNTg4OWRhNWNkMmZkMzQ5NjgzMDEzNTVhODNjOTQ0YzJmYTp7fQ=="
  },
  "model": "sessions.session",
  "pk": "v01pvkptfcs05yghze43p4xhpqvrzrf7"
},
{
  "fields": {
    "expire_date": "2015-10-01T20:48:29.836",
    "session_data": "YzhiZDVlNTg4OWRhNWNkMmZkMzQ5NjgzMDEzNTVhODNjOTQ0YzJmYTp7fQ=="
  },
  "model": "sessions.session",
  "pk": "v06qgfvxvg14rttfzxvgm40wyxdc732x"
},
{
  "fields": {
    "expire_date": "2015-10-06T07:05:30.777",
    "session_data": "MTJkMjBkNDU2NzZlZDNiOWYxOTU2MmY2NmNlNjIyNmI4ZTBmMDE5YjqAAn1xAS4="
  },
  "model": "sessions.session",
  "pk": "vit9e2m6vswkob7qxx619t5ltw5n2ni6"
},
{
  "fields": {
    "expire_date": "2015-10-04T20:55:37.918",
    "session_data": "YzhiZDVlNTg4OWRhNWNkMmZkMzQ5NjgzMDEzNTVhODNjOTQ0YzJmYTp7fQ=="
  },
  "model": "sessions.session",
  "pk": "vl1zhky40aul9mx5jfflyqpi0biax3sc"
},
{
  "fields": {
    "expire_date": "2015-10-01T20:31:36.495",
    "session_data": "YzhiZDVlNTg4OWRhNWNkMmZkMzQ5NjgzMDEzNTVhODNjOTQ0YzJmYTp7fQ=="
  },
  "model": "sessions.session",
  "pk": "vl6ybcr0soolqz1etnyv760ajz5blmpl"
},
{
  "fields": {
    "expire_date": "2015-10-06T05:46:24.615",
    "session_data": "MTJkMjBkNDU2NzZlZDNiOWYxOTU2MmY2NmNlNjIyNmI4ZTBmMDE5YjqAAn1xAS4="
  },
  "model": "sessions.session",
  "pk": "vlmloyuo9gk7afbkmpz2gtwx4ilbikee"
},
{
  "fields": {
    "expire_date": "2015-10-06T05:45:52.750",
    "session_data": "MTJkMjBkNDU2NzZlZDNiOWYxOTU2MmY2NmNlNjIyNmI4ZTBmMDE5YjqAAn1xAS4="
  },
  "model": "sessions.session",
  "pk": "vml1tphxc29ua01fwkzxkvool2qzqtpk"
},
{
  "fields": {
    "expire_date": "2015-10-01T20:57:02.397",
    "session_data": "YzhiZDVlNTg4OWRhNWNkMmZkMzQ5NjgzMDEzNTVhODNjOTQ0YzJmYTp7fQ=="
  },
  "model": "sessions.session",
  "pk": "vrfqg95x6qbq471qrkoymylgk11251vn"
},
{
  "fields": {
    "expire_date": "2015-10-01T20:47:52.422",
    "session_data": "YzhiZDVlNTg4OWRhNWNkMmZkMzQ5NjgzMDEzNTVhODNjOTQ0YzJmYTp7fQ=="
  },
  "model": "sessions.session",
  "pk": "vxrc78bn8v1rbznpuecf4psauytyt5ih"
},
{
  "fields": {
    "expire_date": "2015-10-01T20:42:50.230",
    "session_data": "YzhiZDVlNTg4OWRhNWNkMmZkMzQ5NjgzMDEzNTVhODNjOTQ0YzJmYTp7fQ=="
  },
  "model": "sessions.session",
  "pk": "w09gv60tahezl6tqi7yc6wv1c4s4vfx3"
},
{
  "fields": {
    "expire_date": "2015-10-05T01:17:20.625",
    "session_data": "ZmNkMTkwZjI1NWJkMzJmZjZhZjA2ZjNjMzZjZGI2NzY4YzU1MTUzNzp7ImZhY2Vib29rX3N0YXRlIjoiUnRJaTkxbldTdlI2emEwWFcwZUlEVGpUTk9qemdISDMifQ=="
  },
  "model": "sessions.session",
  "pk": "wac1ppzrfu9nysa6cvp6et1mkeh334x4"
},
{
  "fields": {
    "expire_date": "2015-10-01T21:22:09.346",
    "session_data": "YzhiZDVlNTg4OWRhNWNkMmZkMzQ5NjgzMDEzNTVhODNjOTQ0YzJmYTp7fQ=="
  },
  "model": "sessions.session",
  "pk": "waygth9jpumfjx7idbp45vhk13s5i510"
},
{
  "fields": {
    "expire_date": "2015-10-04T20:55:28.188",
    "session_data": "YzhiZDVlNTg4OWRhNWNkMmZkMzQ5NjgzMDEzNTVhODNjOTQ0YzJmYTp7fQ=="
  },
  "model": "sessions.session",
  "pk": "wbmze8oowf5adefyhfoawys1l4743zk6"
},
{
  "fields": {
    "expire_date": "2015-10-06T02:28:05.063",
    "session_data": "MTJkMjBkNDU2NzZlZDNiOWYxOTU2MmY2NmNlNjIyNmI4ZTBmMDE5YjqAAn1xAS4="
  },
  "model": "sessions.session",
  "pk": "weoakxrphuvmb7ypb0t3wwevsvq1k7p0"
},
{
  "fields": {
    "expire_date": "2015-10-06T03:53:20.704",
    "session_data": "MTJkMjBkNDU2NzZlZDNiOWYxOTU2MmY2NmNlNjIyNmI4ZTBmMDE5YjqAAn1xAS4="
  },
  "model": "sessions.session",
  "pk": "wihfviz3hrgp4dvg53ux47650xkxoiwx"
},
{
  "fields": {
    "expire_date": "2015-10-06T03:43:52.077",
    "session_data": "MTJkMjBkNDU2NzZlZDNiOWYxOTU2MmY2NmNlNjIyNmI4ZTBmMDE5YjqAAn1xAS4="
  },
  "model": "sessions.session",
  "pk": "wo1wir1645yi53iz4fzug16748t6h110"
},
{
  "fields": {
    "expire_date": "2015-10-01T20:19:35.856",
    "session_data": "YzhiZDVlNTg4OWRhNWNkMmZkMzQ5NjgzMDEzNTVhODNjOTQ0YzJmYTp7fQ=="
  },
  "model": "sessions.session",
  "pk": "wqpk2t33u0ngu6pvy2r5z2dfd0od4ili"
},
{
  "fields": {
    "expire_date": "2015-10-01T21:22:08.519",
    "session_data": "YzhiZDVlNTg4OWRhNWNkMmZkMzQ5NjgzMDEzNTVhODNjOTQ0YzJmYTp7fQ=="
  },
  "model": "sessions.session",
  "pk": "ws8gcyayjdjdt6wuqb8zp35blegeluoj"
},
{
  "fields": {
    "expire_date": "2015-10-02T23:52:41.339",
    "session_data": "YzhiZDVlNTg4OWRhNWNkMmZkMzQ5NjgzMDEzNTVhODNjOTQ0YzJmYTp7fQ=="
  },
  "model": "sessions.session",
  "pk": "ws9d3buw9oa7vvn51fxcw3hgyhcgc9zh"
},
{
  "fields": {
    "expire_date": "2015-10-06T01:16:40.293",
    "session_data": "MTJkMjBkNDU2NzZlZDNiOWYxOTU2MmY2NmNlNjIyNmI4ZTBmMDE5YjqAAn1xAS4="
  },
  "model": "sessions.session",
  "pk": "wxqbj6u3aymlulo30mt4eg98kakk5sj8"
},
{
  "fields": {
    "expire_date": "2015-10-01T20:47:52.055",
    "session_data": "YzhiZDVlNTg4OWRhNWNkMmZkMzQ5NjgzMDEzNTVhODNjOTQ0YzJmYTp7fQ=="
  },
  "model": "sessions.session",
  "pk": "wzjf8g3swtyb5a11ctlud19zzes2fvuo"
},
{
  "fields": {
    "expire_date": "2015-10-07T04:18:07.856",
    "session_data": "MTJkMjBkNDU2NzZlZDNiOWYxOTU2MmY2NmNlNjIyNmI4ZTBmMDE5YjqAAn1xAS4="
  },
  "model": "sessions.session",
  "pk": "x2sqhst7sjuzqv7umzkal1uxybg8l18z"
},
{
  "fields": {
    "expire_date": "2015-10-01T20:58:44.855",
    "session_data": "YzhiZDVlNTg4OWRhNWNkMmZkMzQ5NjgzMDEzNTVhODNjOTQ0YzJmYTp7fQ=="
  },
  "model": "sessions.session",
  "pk": "x3m32jfyw1z7n4zxyal325yna8fshsc5"
},
{
  "fields": {
    "expire_date": "2015-10-01T20:48:27.007",
    "session_data": "YzhiZDVlNTg4OWRhNWNkMmZkMzQ5NjgzMDEzNTVhODNjOTQ0YzJmYTp7fQ=="
  },
  "model": "sessions.session",
  "pk": "x8mf24r5cdoht62bkacy6bzw1ifscbbz"
},
{
  "fields": {
    "expire_date": "2015-10-01T04:13:29.803",
    "session_data": "YzhiZDVlNTg4OWRhNWNkMmZkMzQ5NjgzMDEzNTVhODNjOTQ0YzJmYTp7fQ=="
  },
  "model": "sessions.session",
  "pk": "xhyxqph2xx4o1xxq34a8z341yo92y26b"
},
{
  "fields": {
    "expire_date": "2015-10-01T20:54:39.188",
    "session_data": "YzhiZDVlNTg4OWRhNWNkMmZkMzQ5NjgzMDEzNTVhODNjOTQ0YzJmYTp7fQ=="
  },
  "model": "sessions.session",
  "pk": "xiyr2ae9d85qyldrh8tga95hgmj7vehv"
},
{
  "fields": {
    "expire_date": "2015-10-06T05:48:18.690",
    "session_data": "MWZkNmE5MWFjODk3MGY4YzU1NThhYTEzYWI1Yjg0ODY2YmQyM2E3YTqAAn1xAVUOZmFjZWJvb2tfc3RhdGVYIAAAAG81eTRzQndReUVzVjM0VWZFbWlVOWtHQ3pQYU9rejJmcy4="
  },
  "model": "sessions.session",
  "pk": "xkatlhgab1sx5erdwqjlpvenf37jubav"
},
{
  "fields": {
    "expire_date": "2015-10-06T05:42:35.521",
    "session_data": "MTJkMjBkNDU2NzZlZDNiOWYxOTU2MmY2NmNlNjIyNmI4ZTBmMDE5YjqAAn1xAS4="
  },
  "model": "sessions.session",
  "pk": "xmen1tumu21mc9eiuftgps995mg9z819"
},
{
  "fields": {
    "expire_date": "2015-10-01T20:42:53.975",
    "session_data": "YzhiZDVlNTg4OWRhNWNkMmZkMzQ5NjgzMDEzNTVhODNjOTQ0YzJmYTp7fQ=="
  },
  "model": "sessions.session",
  "pk": "xmxs8thradhvcncp9cxp7nt7hqd6siud"
},
{
  "fields": {
    "expire_date": "2015-10-01T20:48:40.066",
    "session_data": "YzhiZDVlNTg4OWRhNWNkMmZkMzQ5NjgzMDEzNTVhODNjOTQ0YzJmYTp7fQ=="
  },
  "model": "sessions.session",
  "pk": "xofub25esqgimbga6vqvdn6qadkxiodb"
},
{
  "fields": {
    "expire_date": "2015-10-01T21:03:38.201",
    "session_data": "YzhiZDVlNTg4OWRhNWNkMmZkMzQ5NjgzMDEzNTVhODNjOTQ0YzJmYTp7fQ=="
  },
  "model": "sessions.session",
  "pk": "xqofwl0n853damfkf4q197nzwfo1xvds"
},
{
  "fields": {
    "expire_date": "2015-10-01T20:47:52.965",
    "session_data": "YzhiZDVlNTg4OWRhNWNkMmZkMzQ5NjgzMDEzNTVhODNjOTQ0YzJmYTp7fQ=="
  },
  "model": "sessions.session",
  "pk": "xro0rceabbmsoa33ux18u0o7vzy2h6xx"
},
{
  "fields": {
    "expire_date": "2015-10-06T02:58:03.478",
    "session_data": "MTJkMjBkNDU2NzZlZDNiOWYxOTU2MmY2NmNlNjIyNmI4ZTBmMDE5YjqAAn1xAS4="
  },
  "model": "sessions.session",
  "pk": "y53lmo9g1fg1px8p332dow647t9al62i"
},
{
  "fields": {
    "expire_date": "2015-10-01T20:54:10.609",
    "session_data": "YzhiZDVlNTg4OWRhNWNkMmZkMzQ5NjgzMDEzNTVhODNjOTQ0YzJmYTp7fQ=="
  },
  "model": "sessions.session",
  "pk": "y8nqel34xnba2jx86mpo68n71pq8kthj"
},
{
  "fields": {
    "expire_date": "2015-10-06T03:58:32.404",
    "session_data": "MTJkMjBkNDU2NzZlZDNiOWYxOTU2MmY2NmNlNjIyNmI4ZTBmMDE5YjqAAn1xAS4="
  },
  "model": "sessions.session",
  "pk": "yh47gbuhzbktyxbuh2w34iq3tppzp68w"
},
{
  "fields": {
    "expire_date": "2015-10-06T03:22:51.604",
    "session_data": "MTJkMjBkNDU2NzZlZDNiOWYxOTU2MmY2NmNlNjIyNmI4ZTBmMDE5YjqAAn1xAS4="
  },
  "model": "sessions.session",
  "pk": "yisd0mfgfedyq8hak6dndqj4hsj2p1jr"
},
{
  "fields": {
    "expire_date": "2015-10-04T22:44:43.054",
    "session_data": "YzhiZDVlNTg4OWRhNWNkMmZkMzQ5NjgzMDEzNTVhODNjOTQ0YzJmYTp7fQ=="
  },
  "model": "sessions.session",
  "pk": "yk9kusqcrixsdg76c1ptl1srymvzr52x"
},
{
  "fields": {
    "expire_date": "2015-10-03T00:18:48.446",
    "session_data": "YzhiZDVlNTg4OWRhNWNkMmZkMzQ5NjgzMDEzNTVhODNjOTQ0YzJmYTp7fQ=="
  },
  "model": "sessions.session",
  "pk": "ykj8m3kzw6qrj2odkjin0n9nwc5s2r29"
},
{
  "fields": {
    "expire_date": "2015-10-06T05:47:00.290",
    "session_data": "MTJkMjBkNDU2NzZlZDNiOWYxOTU2MmY2NmNlNjIyNmI4ZTBmMDE5YjqAAn1xAS4="
  },
  "model": "sessions.session",
  "pk": "ykqokisti0f9bxq2ul9j8gul22tky599"
},
{
  "fields": {
    "expire_date": "2015-10-06T05:26:52.169",
    "session_data": "MTJkMjBkNDU2NzZlZDNiOWYxOTU2MmY2NmNlNjIyNmI4ZTBmMDE5YjqAAn1xAS4="
  },
  "model": "sessions.session",
  "pk": "ynsv99mgc7gk5hshlcjvhxptlilz4lze"
},
{
  "fields": {
    "expire_date": "2015-10-01T20:58:43.277",
    "session_data": "YzhiZDVlNTg4OWRhNWNkMmZkMzQ5NjgzMDEzNTVhODNjOTQ0YzJmYTp7fQ=="
  },
  "model": "sessions.session",
  "pk": "yo60dthe6i3khg8iyqhlnkn865dj8pef"
},
{
  "fields": {
    "expire_date": "2015-10-06T03:47:30.424",
    "session_data": "MTJkMjBkNDU2NzZlZDNiOWYxOTU2MmY2NmNlNjIyNmI4ZTBmMDE5YjqAAn1xAS4="
  },
  "model": "sessions.session",
  "pk": "yu13ib1aofv7vtfo8kjvwityrgjq11ds"
},
{
  "fields": {
    "expire_date": "2015-10-01T20:31:33.817",
    "session_data": "YzhiZDVlNTg4OWRhNWNkMmZkMzQ5NjgzMDEzNTVhODNjOTQ0YzJmYTp7fQ=="
  },
  "model": "sessions.session",
  "pk": "yviqgby3rahcoupdkl47soyewjw30bnd"
},
{
  "fields": {
    "expire_date": "2015-10-06T03:42:41.732",
    "session_data": "MTJkMjBkNDU2NzZlZDNiOWYxOTU2MmY2NmNlNjIyNmI4ZTBmMDE5YjqAAn1xAS4="
  },
  "model": "sessions.session",
  "pk": "yvsbzmjlmhavx18gsqvxvpqim3i9dkkm"
},
{
  "fields": {
    "expire_date": "2015-10-03T00:18:19.454",
    "session_data": "YzhiZDVlNTg4OWRhNWNkMmZkMzQ5NjgzMDEzNTVhODNjOTQ0YzJmYTp7fQ=="
  },
  "model": "sessions.session",
  "pk": "ywvynzaeitqatqn2rebz2tqrlb45aohv"
},
{
  "fields": {
    "expire_date": "2015-10-01T20:48:42.829",
    "session_data": "YzhiZDVlNTg4OWRhNWNkMmZkMzQ5NjgzMDEzNTVhODNjOTQ0YzJmYTp7fQ=="
  },
  "model": "sessions.session",
  "pk": "ywyhp7s4ov93ehso80w0azxpta4ye047"
},
{
  "fields": {
    "expire_date": "2015-10-06T05:05:22.751",
    "session_data": "MTJkMjBkNDU2NzZlZDNiOWYxOTU2MmY2NmNlNjIyNmI4ZTBmMDE5YjqAAn1xAS4="
  },
  "model": "sessions.session",
  "pk": "yxsp9pmn20a2xox1hqjg3cg7ypuisrd4"
},
{
  "fields": {
    "expire_date": "2015-10-06T04:01:25.636",
    "session_data": "MTJkMjBkNDU2NzZlZDNiOWYxOTU2MmY2NmNlNjIyNmI4ZTBmMDE5YjqAAn1xAS4="
  },
  "model": "sessions.session",
  "pk": "z0caquiz744onhyyr2tw9yhz5pml92ci"
},
{
  "fields": {
    "expire_date": "2015-10-06T06:33:57.630",
    "session_data": "MTJkMjBkNDU2NzZlZDNiOWYxOTU2MmY2NmNlNjIyNmI4ZTBmMDE5YjqAAn1xAS4="
  },
  "model": "sessions.session",
  "pk": "z4baps0ksi492sulqff9l43fkps3p2ym"
},
{
  "fields": {
    "expire_date": "2015-10-06T07:12:22.616",
    "session_data": "MTJkMjBkNDU2NzZlZDNiOWYxOTU2MmY2NmNlNjIyNmI4ZTBmMDE5YjqAAn1xAS4="
  },
  "model": "sessions.session",
  "pk": "z67wq2g7h3yu0mbqyuzxt73bwlhk4x2j"
},
{
  "fields": {
    "expire_date": "2015-10-06T02:57:12.783",
    "session_data": "MTJkMjBkNDU2NzZlZDNiOWYxOTU2MmY2NmNlNjIyNmI4ZTBmMDE5YjqAAn1xAS4="
  },
  "model": "sessions.session",
  "pk": "z6gd2eq2tfqnkm226umr8grpg8kxhpkg"
},
{
  "fields": {
    "expire_date": "2015-10-03T00:18:09.948",
    "session_data": "YzhiZDVlNTg4OWRhNWNkMmZkMzQ5NjgzMDEzNTVhODNjOTQ0YzJmYTp7fQ=="
  },
  "model": "sessions.session",
  "pk": "z8vqt9in09ssyy5o4u2dvxjotca9mqyh"
},
{
  "fields": {
    "expire_date": "2015-10-06T03:21:55.097",
    "session_data": "MTJkMjBkNDU2NzZlZDNiOWYxOTU2MmY2NmNlNjIyNmI4ZTBmMDE5YjqAAn1xAS4="
  },
  "model": "sessions.session",
  "pk": "zau5nqj3si381e9s848phj39ytk3wnlf"
},
{
  "fields": {
    "expire_date": "2015-10-06T07:43:59.795",
    "session_data": "MTJkMjBkNDU2NzZlZDNiOWYxOTU2MmY2NmNlNjIyNmI4ZTBmMDE5YjqAAn1xAS4="
  },
  "model": "sessions.session",
  "pk": "zhe23sabkdadnmgq7j8iap0d6kkmuflw"
},
{
  "fields": {
    "expire_date": "2015-10-03T00:11:04.888",
    "session_data": "YzhiZDVlNTg4OWRhNWNkMmZkMzQ5NjgzMDEzNTVhODNjOTQ0YzJmYTp7fQ=="
  },
  "model": "sessions.session",
  "pk": "zijx3flo4g60zci5il2rwpfeekuzh3t6"
},
{
  "fields": {
    "expire_date": "2015-10-01T20:21:01.506",
    "session_data": "YzhiZDVlNTg4OWRhNWNkMmZkMzQ5NjgzMDEzNTVhODNjOTQ0YzJmYTp7fQ=="
  },
  "model": "sessions.session",
  "pk": "ztv07jb815vsupcpx3j2ufmqf3tsfwt8"
},
{
  "fields": {
    "expire_date": "2015-10-06T03:57:48.681",
    "session_data": "MTJkMjBkNDU2NzZlZDNiOWYxOTU2MmY2NmNlNjIyNmI4ZTBmMDE5YjqAAn1xAS4="
  },
  "model": "sessions.session",
  "pk": "zyj9vhjg641uwf87g4xzpyp0ih1bcwhz"
},
{
  "fields": {
    "rght": 4,
    "description": "\u0422\u043e\u0432\u0430\u0440\u044b \u0434\u043b\u044f \u043a\u043e\u0448\u0435\u043a",
    "parent": null,
    "title": "\u0422\u043e\u0432\u0430\u0440\u044b \u0434\u043b\u044f \u043a\u043e\u0448\u0435\u043a",
    "created_at": "2015-09-16T13:11:26.501",
    "level": 0,
    "is_active": true,
    "updated_at": "2015-09-16T13:11:26.501",
    "lft": 1,
    "tree_id": 1,
    "slug": "tovary-dlya-koshek",
    "name": "\u0422\u043e\u0432\u0430\u0440\u044b \u0434\u043b\u044f \u043a\u043e\u0448\u0435\u043a"
  },
  "model": "products.category",
  "pk": 1
},
{
  "fields": {
    "rght": 3,
    "description": "\u041a\u043e\u0440\u043c \u0434\u043b\u044f \u043a\u043e\u0448\u0435\u043a",
    "parent": 1,
    "title": "\u041a\u043e\u0440\u043c",
    "created_at": "2015-09-16T13:11:45.656",
    "level": 1,
    "is_active": true,
    "updated_at": "2015-09-16T13:11:45.656",
    "lft": 2,
    "tree_id": 1,
    "slug": "korm-dlya-koshek",
    "name": "\u041a\u043e\u0440\u043c \u0434\u043b\u044f \u043a\u043e\u0448\u0435\u043a"
  },
  "model": "products.category",
  "pk": 2
},
{
  "fields": {
    "created_at": "2015-09-16T13:12:43.992",
    "is_featured": false,
    "description": "\u041a\u043e\u0440\u043c1",
    "title": "\u041a\u043e\u0440\u043c1",
    "price": "29.99",
    "views": null,
    "is_active": true,
    "updated_at": "2015-09-16T13:12:43.992",
    "slug": "korm1",
    "is_bestseller": false,
    "sale_price": "0.00",
    "average_review": "0.0",
    "brand": "NoName",
    "categories": [
      2,
      1
    ],
    "quantity": 1
  },
  "model": "products.product",
  "pk": 1
},
{
  "fields": {
    "created_at": "2015-09-16T13:13:12.380",
    "is_featured": false,
    "description": "\u041a\u043e\u0440\u043c2",
    "title": "\u041a\u043e\u0440\u043c2",
    "price": "13.01",
    "views": null,
    "is_active": true,
    "updated_at": "2015-09-16T17:08:16.310",
    "slug": "korm2",
    "is_bestseller": false,
    "sale_price": "0.00",
    "average_review": "0.0",
    "brand": "NoName",
    "categories": [
      2,
      1
    ],
    "quantity": 1
  },
  "model": "products.product",
  "pk": 2
},
{
  "fields": {
    "created_at": "2015-09-16T13:13:24.635",
    "is_featured": false,
    "description": "\u041a\u043e\u0440\u043c3",
    "title": "\u041a\u043e\u0440\u043c3",
    "price": "12.01",
    "views": null,
    "is_active": true,
    "updated_at": "2015-09-16T20:13:02.968",
    "slug": "korm3",
    "is_bestseller": false,
    "sale_price": "0.00",
    "average_review": "0.0",
    "brand": "NoName",
    "categories": [
      2,
      1
    ],
    "quantity": 1
  },
  "model": "products.product",
  "pk": 3
},
{
  "fields": {
    "created_at": "2015-09-16T17:08:03.130",
    "is_featured": false,
    "description": "\u041a\u043e\u0440\u043c4",
    "title": "\u0422\u043e\u0432\u0430\u0440 \u0441 \u043e\u0447\u0435\u043d\u044c \u043e\u0447\u0435\u043d\u044c \u0434\u043b\u0438\u043d\u043d\u044b\u043c \u043d\u0430\u0437\u0432\u0430\u043d\u0438\u0435\u043c",
    "price": "11.01",
    "views": null,
    "is_active": true,
    "updated_at": "2015-09-17T21:07:06.518",
    "slug": "korm4",
    "is_bestseller": false,
    "sale_price": "0.01",
    "average_review": "4.0",
    "brand": "NoName",
    "categories": [
      2,
      1
    ],
    "quantity": 1
  },
  "model": "products.product",
  "pk": 4
},
{
  "fields": {
    "created_at": "2015-09-16T19:53:48.100",
    "is_featured": false,
    "description": "\u041a\u043e\u0440\u043c5",
    "title": "\u041a\u043e\u0440\u043c5",
    "price": "29.99",
    "views": null,
    "is_active": true,
    "updated_at": "2015-09-16T19:53:48.100",
    "slug": "korm5",
    "is_bestseller": false,
    "sale_price": "0.00",
    "average_review": "0.0",
    "brand": "NoName",
    "categories": [
      2,
      1
    ],
    "quantity": 1
  },
  "model": "products.product",
  "pk": 5
},
{
  "fields": {
    "created_at": "2015-09-16T19:53:58.222",
    "is_featured": false,
    "description": "\u041a\u043e\u0440\u043c6",
    "title": "\u041a\u043e\u0440\u043c6",
    "price": "29.99",
    "views": null,
    "is_active": true,
    "updated_at": "2015-09-16T19:53:58.222",
    "slug": "korm6",
    "is_bestseller": false,
    "sale_price": "0.00",
    "average_review": "0.0",
    "brand": "NoName",
    "categories": [
      2,
      1
    ],
    "quantity": 1
  },
  "model": "products.product",
  "pk": 6
},
{
  "fields": {
    "created_at": "2015-09-16T19:54:08.644",
    "is_featured": false,
    "description": "\u041a\u043e\u0440\u043c7",
    "title": "\u041a\u043e\u0440\u043c7",
    "price": "29.99",
    "views": null,
    "is_active": true,
    "updated_at": "2015-09-16T19:54:08.644",
    "slug": "korm7",
    "is_bestseller": false,
    "sale_price": "0.00",
    "average_review": "0.0",
    "brand": "NoName",
    "categories": [
      2,
      1
    ],
    "quantity": 1
  },
  "model": "products.product",
  "pk": 7
},
{
  "fields": {
    "created_at": "2015-09-16T19:54:17.883",
    "is_featured": false,
    "description": "\u041a\u043e\u0440\u043c8",
    "title": "\u041a\u043e\u0440\u043c8",
    "price": "29.99",
    "views": null,
    "is_active": true,
    "updated_at": "2015-09-16T19:54:17.883",
    "slug": "korm8",
    "is_bestseller": false,
    "sale_price": "0.00",
    "average_review": "4.0",
    "brand": "NoName",
    "categories": [
      2,
      1
    ],
    "quantity": 1
  },
  "model": "products.product",
  "pk": 8
},
{
  "fields": {
    "created_at": "2015-09-16T19:54:25.728",
    "is_featured": false,
    "description": "\u041a\u043e\u0440\u043c9",
    "title": "\u041a\u043e\u0440\u043c9",
    "price": "29.99",
    "views": null,
    "is_active": true,
    "updated_at": "2015-09-16T19:54:25.728",
    "slug": "korm9",
    "is_bestseller": false,
    "sale_price": "0.00",
    "average_review": "0.0",
    "brand": "NoName",
    "categories": [
      2,
      1
    ],
    "quantity": 1
  },
  "model": "products.product",
  "pk": 9
},
{
  "fields": {
    "created_at": "2015-09-16T20:07:41.836",
    "is_featured": false,
    "description": "\u0422\u043e\u0432\u0430\u04401",
    "title": "\u0422\u043e\u0432\u0430\u04401",
    "price": "29.99",
    "views": null,
    "is_active": true,
    "updated_at": "2015-09-16T20:07:41.836",
    "slug": "tovar1",
    "is_bestseller": false,
    "sale_price": "0.00",
    "average_review": "0.0",
    "brand": "NoName",
    "categories": [
      2,
      1
    ],
    "quantity": 1
  },
  "model": "products.product",
  "pk": 13
},
{
  "fields": {
    "created_at": "2015-09-16T20:08:15.139",
    "is_featured": false,
    "description": "\u0422\u043e\u0432\u0430\u04402",
    "title": "\u0422\u043e\u0432\u0430\u04402",
    "price": "29.99",
    "views": null,
    "is_active": true,
    "updated_at": "2015-09-16T20:08:15.140",
    "slug": "tovar2",
    "is_bestseller": false,
    "sale_price": "0.00",
    "average_review": "0.0",
    "brand": "NoName",
    "categories": [
      2,
      1
    ],
    "quantity": 1
  },
  "model": "products.product",
  "pk": 14
},
{
  "fields": {
    "created_at": "2015-09-16T20:21:52.324",
    "is_featured": false,
    "description": "\u0422\u043e\u0432\u0430\u04403",
    "title": "\u0422\u043e\u0432\u0430\u04403",
    "price": "29.99",
    "views": null,
    "is_active": true,
    "updated_at": "2015-09-16T20:21:52.324",
    "slug": "tovar3",
    "is_bestseller": false,
    "sale_price": "0.00",
    "average_review": "0.0",
    "brand": "NoName",
    "categories": [
      2,
      1
    ],
    "quantity": 1
  },
  "model": "products.product",
  "pk": 15
},
{
  "fields": {
    "created_at": "2015-09-16T20:22:06.541",
    "is_featured": false,
    "description": "\u0422\u043e\u0432\u0430\u044034",
    "title": "\u0422\u043e\u0432\u0430\u04404",
    "price": "29.99",
    "views": null,
    "is_active": true,
    "updated_at": "2015-09-16T20:22:06.541",
    "slug": "tovar4",
    "is_bestseller": false,
    "sale_price": "0.00",
    "average_review": "5.0",
    "brand": "NoName",
    "categories": [
      2,
      1
    ],
    "quantity": 1
  },
  "model": "products.product",
  "pk": 16
},
{
  "fields": {
    "updated": "2015-09-16T13:12:44.518",
    "image": "images/Penguins_100x100.jpg",
    "is_active": false,
    "product": 1,
    "featured": false,
    "thumbnail": false
  },
  "model": "products.productimage",
  "pk": 1
},
{
  "fields": {
    "secret_key": "df8ab6e5c59c5c43e9718bc5"
  },
  "model": "cookiecart.cart",
  "pk": 1
},
{
  "fields": {
    "secret_key": "cc7eb360bbbfb56d106748d6"
  },
  "model": "cookiecart.cart",
  "pk": 2
},
{
  "fields": {
    "secret_key": "f565ae419eec4ac1c8d951e4"
  },
  "model": "cookiecart.cart",
  "pk": 3
},
{
  "fields": {
    "secret_key": "b13eed76e8540e115ac40601"
  },
  "model": "cookiecart.cart",
  "pk": 4
},
{
  "fields": {
    "secret_key": "f4d13966fc1d2497022f9d4f"
  },
  "model": "cookiecart.cart",
  "pk": 5
},
{
  "fields": {
    "secret_key": "6c33e2061d18abfe3af06093"
  },
  "model": "cookiecart.cart",
  "pk": 6
},
{
  "fields": {
    "secret_key": "9c5adf9c1ae51ec939225365"
  },
  "model": "cookiecart.cart",
  "pk": 7
},
{
  "fields": {
    "secret_key": "d523caf6abfb9110839fd756"
  },
  "model": "cookiecart.cart",
  "pk": 8
},
{
  "fields": {
    "secret_key": "b42b54d69a14f18967f52808"
  },
  "model": "cookiecart.cart",
  "pk": 9
},
{
  "fields": {
    "secret_key": "7ecb5ac684005b185e456b57"
  },
  "model": "cookiecart.cart",
  "pk": 10
},
{
  "fields": {
    "secret_key": "d785e281094c51ca4a93a1e6"
  },
  "model": "cookiecart.cart",
  "pk": 11
},
{
  "fields": {
    "secret_key": "b940cfc8b2e48d72d4d0e24a"
  },
  "model": "cookiecart.cart",
  "pk": 12
},
{
  "fields": {
    "secret_key": "366b9213ea41729dbc34990c"
  },
  "model": "cookiecart.cart",
  "pk": 13
},
{
  "fields": {
    "secret_key": "d1b38c145b0a71f5db987ef8"
  },
  "model": "cookiecart.cart",
  "pk": 14
},
{
  "fields": {
    "secret_key": "b35cec87fbb3caba2e74c7ba"
  },
  "model": "cookiecart.cart",
  "pk": 15
},
{
  "fields": {
    "secret_key": "0d0913dbdea4e87b6d3a5f66"
  },
  "model": "cookiecart.cart",
  "pk": 16
},
{
  "fields": {
    "secret_key": "1cb0e0a4c921e1cc67bbeb4c"
  },
  "model": "cookiecart.cart",
  "pk": 17
},
{
  "fields": {
    "secret_key": "627f824a84594b1a49334e82"
  },
  "model": "cookiecart.cart",
  "pk": 18
},
{
  "fields": {
    "secret_key": "3d459ed229635a6a4ccb9468"
  },
  "model": "cookiecart.cart",
  "pk": 19
},
{
  "fields": {
    "secret_key": "ae6be2a7a11ad722d6bc882d"
  },
  "model": "cookiecart.cart",
  "pk": 20
},
{
  "fields": {
    "secret_key": "8695a08da71132fb8ff41008"
  },
  "model": "cookiecart.cart",
  "pk": 21
},
{
  "fields": {
    "secret_key": "d42632bd9f234baa1acf73b8"
  },
  "model": "cookiecart.cart",
  "pk": 22
},
{
  "fields": {
    "secret_key": "350816f4b6033d4d8162e7c3"
  },
  "model": "cookiecart.cart",
  "pk": 23
},
{
  "fields": {
    "secret_key": "798e98017d295883ab527bcf"
  },
  "model": "cookiecart.cart",
  "pk": 24
},
{
  "fields": {
    "secret_key": "556f2584b9ee8909dfeef3b5"
  },
  "model": "cookiecart.cart",
  "pk": 25
},
{
  "fields": {
    "secret_key": "b928e441bbcbc3cb6a016743"
  },
  "model": "cookiecart.cart",
  "pk": 26
},
{
  "fields": {
    "secret_key": "c514ea4dc8a336001aa206f2"
  },
  "model": "cookiecart.cart",
  "pk": 27
},
{
  "fields": {
    "secret_key": "e4d2790abba92004727a5c24"
  },
  "model": "cookiecart.cart",
  "pk": 28
},
{
  "fields": {
    "status": "unsubmited",
    "delivery_time": null,
    "cartuser": null,
    "timestamp": "2015-09-20T20:54:18.260",
    "cart": 1,
    "self_delivery": false,
    "delivery_adress": null,
    "contact_phone": null
  },
  "model": "cookiecart.order",
  "pk": 1
},
{
  "fields": {
    "status": "unsubmited",
    "delivery_time": null,
    "cartuser": null,
    "timestamp": "2015-09-20T20:54:18.260",
    "cart": 2,
    "self_delivery": false,
    "delivery_adress": null,
    "contact_phone": null
  },
  "model": "cookiecart.order",
  "pk": 2
},
{
  "fields": {
    "status": "unsubmited",
    "delivery_time": null,
    "cartuser": null,
    "timestamp": "2015-09-21T01:38:16.079",
    "cart": 3,
    "self_delivery": false,
    "delivery_adress": null,
    "contact_phone": null
  },
  "model": "cookiecart.order",
  "pk": 3
},
{
  "fields": {
    "status": "unsubmited",
    "delivery_time": null,
    "cartuser": null,
    "timestamp": "2015-09-21T01:38:16.079",
    "cart": 4,
    "self_delivery": false,
    "delivery_adress": null,
    "contact_phone": null
  },
  "model": "cookiecart.order",
  "pk": 4
},
{
  "fields": {
    "status": "unsubmited",
    "delivery_time": null,
    "cartuser": null,
    "timestamp": "2015-09-21T01:38:16.079",
    "cart": 5,
    "self_delivery": false,
    "delivery_adress": null,
    "contact_phone": null
  },
  "model": "cookiecart.order",
  "pk": 5
},
{
  "fields": {
    "status": "unsubmited",
    "delivery_time": null,
    "cartuser": null,
    "timestamp": "2015-09-23T03:56:31.212",
    "cart": 6,
    "self_delivery": false,
    "delivery_adress": null,
    "contact_phone": null
  },
  "model": "cookiecart.order",
  "pk": 6
},
{
  "fields": {
    "status": "unsubmited",
    "delivery_time": null,
    "cartuser": null,
    "timestamp": "2015-09-23T03:56:31.212",
    "cart": 7,
    "self_delivery": false,
    "delivery_adress": null,
    "contact_phone": null
  },
  "model": "cookiecart.order",
  "pk": 7
},
{
  "fields": {
    "status": "unsubmited",
    "delivery_time": null,
    "cartuser": null,
    "timestamp": "2015-09-23T05:03:09.631",
    "cart": 8,
    "self_delivery": false,
    "delivery_adress": null,
    "contact_phone": null
  },
  "model": "cookiecart.order",
  "pk": 8
},
{
  "fields": {
    "status": "unsubmited",
    "delivery_time": null,
    "cartuser": null,
    "timestamp": "2015-09-23T06:14:22.733",
    "cart": 9,
    "self_delivery": false,
    "delivery_adress": null,
    "contact_phone": null
  },
  "model": "cookiecart.order",
  "pk": 9
},
{
  "fields": {
    "status": "unsubmited",
    "delivery_time": null,
    "cartuser": null,
    "timestamp": "2015-09-23T06:14:22.733",
    "cart": 10,
    "self_delivery": false,
    "delivery_adress": null,
    "contact_phone": null
  },
  "model": "cookiecart.order",
  "pk": 10
},
{
  "fields": {
    "status": "unsubmited",
    "delivery_time": null,
    "cartuser": null,
    "timestamp": "2015-09-23T06:14:22.733",
    "cart": 11,
    "self_delivery": false,
    "delivery_adress": null,
    "contact_phone": null
  },
  "model": "cookiecart.order",
  "pk": 11
},
{
  "fields": {
    "status": "unsubmited",
    "delivery_time": null,
    "cartuser": null,
    "timestamp": "2015-09-23T06:14:22.733",
    "cart": 12,
    "self_delivery": false,
    "delivery_adress": null,
    "contact_phone": null
  },
  "model": "cookiecart.order",
  "pk": 12
},
{
  "fields": {
    "status": "unsubmited",
    "delivery_time": null,
    "cartuser": null,
    "timestamp": "2015-09-23T06:14:22.733",
    "cart": 13,
    "self_delivery": false,
    "delivery_adress": null,
    "contact_phone": null
  },
  "model": "cookiecart.order",
  "pk": 13
},
{
  "fields": {
    "status": "unsubmited",
    "delivery_time": null,
    "cartuser": null,
    "timestamp": "2015-09-23T06:14:22.733",
    "cart": 14,
    "self_delivery": false,
    "delivery_adress": null,
    "contact_phone": null
  },
  "model": "cookiecart.order",
  "pk": 14
},
{
  "fields": {
    "status": "unsubmited",
    "delivery_time": null,
    "cartuser": null,
    "timestamp": "2015-09-23T06:14:22.733",
    "cart": 15,
    "self_delivery": false,
    "delivery_adress": null,
    "contact_phone": null
  },
  "model": "cookiecart.order",
  "pk": 15
},
{
  "fields": {
    "status": "unsubmited",
    "delivery_time": null,
    "cartuser": null,
    "timestamp": "2015-09-23T06:14:22.733",
    "cart": 16,
    "self_delivery": false,
    "delivery_adress": null,
    "contact_phone": null
  },
  "model": "cookiecart.order",
  "pk": 16
},
{
  "fields": {
    "status": "unsubmited",
    "delivery_time": null,
    "cartuser": null,
    "timestamp": "2015-09-23T06:14:22.733",
    "cart": 17,
    "self_delivery": false,
    "delivery_adress": null,
    "contact_phone": null
  },
  "model": "cookiecart.order",
  "pk": 17
},
{
  "fields": {
    "status": "unsubmited",
    "delivery_time": null,
    "cartuser": null,
    "timestamp": "2015-09-23T06:14:22.733",
    "cart": 18,
    "self_delivery": false,
    "delivery_adress": null,
    "contact_phone": null
  },
  "model": "cookiecart.order",
  "pk": 18
},
{
  "fields": {
    "status": "unsubmited",
    "delivery_time": null,
    "cartuser": null,
    "timestamp": "2015-09-23T06:14:22.733",
    "cart": 19,
    "self_delivery": false,
    "delivery_adress": null,
    "contact_phone": null
  },
  "model": "cookiecart.order",
  "pk": 19
},
{
  "fields": {
    "status": "unsubmited",
    "delivery_time": null,
    "cartuser": null,
    "timestamp": "2015-09-23T06:14:22.733",
    "cart": 20,
    "self_delivery": false,
    "delivery_adress": null,
    "contact_phone": null
  },
  "model": "cookiecart.order",
  "pk": 20
},
{
  "fields": {
    "status": "unsubmited",
    "delivery_time": null,
    "cartuser": null,
    "timestamp": "2015-09-23T06:14:22.733",
    "cart": 21,
    "self_delivery": false,
    "delivery_adress": null,
    "contact_phone": null
  },
  "model": "cookiecart.order",
  "pk": 21
},
{
  "fields": {
    "status": "unsubmited",
    "delivery_time": null,
    "cartuser": null,
    "timestamp": "2015-09-23T06:14:22.733",
    "cart": 22,
    "self_delivery": false,
    "delivery_adress": null,
    "contact_phone": null
  },
  "model": "cookiecart.order",
  "pk": 22
},
{
  "fields": {
    "status": "unsubmited",
    "delivery_time": null,
    "cartuser": null,
    "timestamp": "2015-09-23T06:14:22.733",
    "cart": 23,
    "self_delivery": false,
    "delivery_adress": null,
    "contact_phone": null
  },
  "model": "cookiecart.order",
  "pk": 23
},
{
  "fields": {
    "status": "unsubmited",
    "delivery_time": null,
    "cartuser": null,
    "timestamp": "2015-09-23T06:14:22.733",
    "cart": 24,
    "self_delivery": false,
    "delivery_adress": null,
    "contact_phone": null
  },
  "model": "cookiecart.order",
  "pk": 24
},
{
  "fields": {
    "status": "unsubmited",
    "delivery_time": null,
    "cartuser": null,
    "timestamp": "2015-09-23T06:14:22.733",
    "cart": 25,
    "self_delivery": false,
    "delivery_adress": null,
    "contact_phone": null
  },
  "model": "cookiecart.order",
  "pk": 25
},
{
  "fields": {
    "status": "unsubmited",
    "delivery_time": null,
    "cartuser": null,
    "timestamp": "2015-09-23T06:14:22.733",
    "cart": 26,
    "self_delivery": false,
    "delivery_adress": null,
    "contact_phone": null
  },
  "model": "cookiecart.order",
  "pk": 26
},
{
  "fields": {
    "status": "unsubmited",
    "delivery_time": null,
    "cartuser": null,
    "timestamp": "2015-09-23T06:14:22.733",
    "cart": 27,
    "self_delivery": false,
    "delivery_adress": null,
    "contact_phone": null
  },
  "model": "cookiecart.order",
  "pk": 27
},
{
  "fields": {
    "status": "unsubmited",
    "delivery_time": null,
    "cartuser": null,
    "timestamp": "2015-09-23T06:14:22.733",
    "cart": 28,
    "self_delivery": false,
    "delivery_adress": null,
    "contact_phone": null
  },
  "model": "cookiecart.order",
  "pk": 28
},
{
  "fields": {
    "fixed_price": "29.99",
    "good_type": 16,
    "order": 1,
    "ammount": 1
  },
  "model": "cookiecart.good",
  "pk": 1
},
{
  "fields": {
    "fixed_price": "29.99",
    "good_type": 15,
    "order": 1,
    "ammount": 1
  },
  "model": "cookiecart.good",
  "pk": 2
},
{
  "fields": {
    "fixed_price": "29.99",
    "good_type": 14,
    "order": 1,
    "ammount": 1
  },
  "model": "cookiecart.good",
  "pk": 3
},
{
  "fields": {
    "fixed_price": "29.99",
    "good_type": 16,
    "order": 2,
    "ammount": 1
  },
  "model": "cookiecart.good",
  "pk": 4
},
{
  "fields": {
    "fixed_price": "29.99",
    "good_type": 16,
    "order": 3,
    "ammount": 1
  },
  "model": "cookiecart.good",
  "pk": 5
},
{
  "fields": {
    "fixed_price": "29.99",
    "good_type": 16,
    "order": 4,
    "ammount": 1
  },
  "model": "cookiecart.good",
  "pk": 6
},
{
  "fields": {
    "fixed_price": "29.99",
    "good_type": 15,
    "order": 4,
    "ammount": 1
  },
  "model": "cookiecart.good",
  "pk": 7
},
{
  "fields": {
    "fixed_price": "29.99",
    "good_type": 14,
    "order": 4,
    "ammount": 1
  },
  "model": "cookiecart.good",
  "pk": 8
},
{
  "fields": {
    "fixed_price": "29.99",
    "good_type": 16,
    "order": 5,
    "ammount": 1
  },
  "model": "cookiecart.good",
  "pk": 9
},
{
  "fields": {
    "fixed_price": "29.99",
    "good_type": 9,
    "order": 5,
    "ammount": 1
  },
  "model": "cookiecart.good",
  "pk": 10
},
{
  "fields": {
    "fixed_price": "29.99",
    "good_type": 13,
    "order": 5,
    "ammount": 1
  },
  "model": "cookiecart.good",
  "pk": 11
},
{
  "fields": {
    "fixed_price": "29.99",
    "good_type": 16,
    "order": 6,
    "ammount": 1
  },
  "model": "cookiecart.good",
  "pk": 12
},
{
  "fields": {
    "fixed_price": "29.99",
    "good_type": 15,
    "order": 6,
    "ammount": 1
  },
  "model": "cookiecart.good",
  "pk": 13
},
{
  "fields": {
    "fixed_price": "12.01",
    "good_type": 3,
    "order": 6,
    "ammount": 1
  },
  "model": "cookiecart.good",
  "pk": 14
},
{
  "fields": {
    "fixed_price": "29.99",
    "good_type": 16,
    "order": 7,
    "ammount": 1
  },
  "model": "cookiecart.good",
  "pk": 15
},
{
  "fields": {
    "fixed_price": "29.99",
    "good_type": 15,
    "order": 7,
    "ammount": 1
  },
  "model": "cookiecart.good",
  "pk": 16
},
{
  "fields": {
    "fixed_price": "29.99",
    "good_type": 9,
    "order": 7,
    "ammount": 1
  },
  "model": "cookiecart.good",
  "pk": 17
},
{
  "fields": {
    "fixed_price": "29.99",
    "good_type": 7,
    "order": 7,
    "ammount": 1
  },
  "model": "cookiecart.good",
  "pk": 18
},
{
  "fields": {
    "fixed_price": "11.01",
    "good_type": 4,
    "order": 7,
    "ammount": 1
  },
  "model": "cookiecart.good",
  "pk": 19
},
{
  "fields": {
    "fixed_price": "29.99",
    "good_type": 13,
    "order": 7,
    "ammount": 1
  },
  "model": "cookiecart.good",
  "pk": 20
},
{
  "fields": {
    "fixed_price": "29.99",
    "good_type": 14,
    "order": 7,
    "ammount": 1
  },
  "model": "cookiecart.good",
  "pk": 21
},
{
  "fields": {
    "fixed_price": "29.99",
    "good_type": 13,
    "order": 8,
    "ammount": 1
  },
  "model": "cookiecart.good",
  "pk": 22
},
{
  "fields": {
    "fixed_price": "12.01",
    "good_type": 3,
    "order": 8,
    "ammount": 1
  },
  "model": "cookiecart.good",
  "pk": 23
},
{
  "fields": {
    "fixed_price": "13.01",
    "good_type": 2,
    "order": 8,
    "ammount": 1
  },
  "model": "cookiecart.good",
  "pk": 24
},
{
  "fields": {
    "fixed_price": "29.99",
    "good_type": 14,
    "order": 8,
    "ammount": 1
  },
  "model": "cookiecart.good",
  "pk": 25
},
{
  "fields": {
    "fixed_price": "29.99",
    "good_type": 15,
    "order": 8,
    "ammount": 1
  },
  "model": "cookiecart.good",
  "pk": 26
},
{
  "fields": {
    "fixed_price": "29.99",
    "good_type": 16,
    "order": 8,
    "ammount": 1
  },
  "model": "cookiecart.good",
  "pk": 27
},
{
  "fields": {
    "fixed_price": "29.99",
    "good_type": 9,
    "order": 8,
    "ammount": 1
  },
  "model": "cookiecart.good",
  "pk": 28
},
{
  "fields": {
    "fixed_price": "29.99",
    "good_type": 5,
    "order": 8,
    "ammount": 1
  },
  "model": "cookiecart.good",
  "pk": 29
},
{
  "fields": {
    "fixed_price": "29.99",
    "good_type": 6,
    "order": 8,
    "ammount": 1
  },
  "model": "cookiecart.good",
  "pk": 30
},
{
  "fields": {
    "fixed_price": "29.99",
    "good_type": 7,
    "order": 8,
    "ammount": 1
  },
  "model": "cookiecart.good",
  "pk": 31
},
{
  "fields": {
    "fixed_price": "29.99",
    "good_type": 8,
    "order": 8,
    "ammount": 1
  },
  "model": "cookiecart.good",
  "pk": 32
},
{
  "fields": {
    "fixed_price": "11.01",
    "good_type": 4,
    "order": 8,
    "ammount": 1
  },
  "model": "cookiecart.good",
  "pk": 33
},
{
  "fields": {
    "fixed_price": "29.99",
    "good_type": 1,
    "order": 8,
    "ammount": 1
  },
  "model": "cookiecart.good",
  "pk": 34
},
{
  "fields": {
    "fixed_price": "29.99",
    "good_type": 16,
    "order": 9,
    "ammount": 1
  },
  "model": "cookiecart.good",
  "pk": 35
},
{
  "fields": {
    "fixed_price": "29.99",
    "good_type": 15,
    "order": 10,
    "ammount": 1
  },
  "model": "cookiecart.good",
  "pk": 36
},
{
  "fields": {
    "fixed_price": "29.99",
    "good_type": 15,
    "order": 11,
    "ammount": 1
  },
  "model": "cookiecart.good",
  "pk": 37
},
{
  "fields": {
    "fixed_price": "29.99",
    "good_type": 15,
    "order": 12,
    "ammount": 1
  },
  "model": "cookiecart.good",
  "pk": 38
},
{
  "fields": {
    "fixed_price": "29.99",
    "good_type": 16,
    "order": 13,
    "ammount": 1
  },
  "model": "cookiecart.good",
  "pk": 39
},
{
  "fields": {
    "fixed_price": "29.99",
    "good_type": 15,
    "order": 14,
    "ammount": 1
  },
  "model": "cookiecart.good",
  "pk": 40
},
{
  "fields": {
    "fixed_price": "29.99",
    "good_type": 14,
    "order": 15,
    "ammount": 1
  },
  "model": "cookiecart.good",
  "pk": 41
},
{
  "fields": {
    "fixed_price": "29.99",
    "good_type": 13,
    "order": 16,
    "ammount": 1
  },
  "model": "cookiecart.good",
  "pk": 42
},
{
  "fields": {
    "fixed_price": "29.99",
    "good_type": 13,
    "order": 17,
    "ammount": 1
  },
  "model": "cookiecart.good",
  "pk": 43
},
{
  "fields": {
    "fixed_price": "29.99",
    "good_type": 15,
    "order": 18,
    "ammount": 1
  },
  "model": "cookiecart.good",
  "pk": 44
},
{
  "fields": {
    "fixed_price": "29.99",
    "good_type": 15,
    "order": 19,
    "ammount": 1
  },
  "model": "cookiecart.good",
  "pk": 45
},
{
  "fields": {
    "fixed_price": "29.99",
    "good_type": 15,
    "order": 20,
    "ammount": 1
  },
  "model": "cookiecart.good",
  "pk": 46
},
{
  "fields": {
    "fixed_price": "29.99",
    "good_type": 16,
    "order": 21,
    "ammount": 1
  },
  "model": "cookiecart.good",
  "pk": 47
},
{
  "fields": {
    "fixed_price": "29.99",
    "good_type": 15,
    "order": 22,
    "ammount": 1
  },
  "model": "cookiecart.good",
  "pk": 48
},
{
  "fields": {
    "fixed_price": "29.99",
    "good_type": 14,
    "order": 23,
    "ammount": 1
  },
  "model": "cookiecart.good",
  "pk": 49
},
{
  "fields": {
    "fixed_price": "29.99",
    "good_type": 16,
    "order": 24,
    "ammount": 1
  },
  "model": "cookiecart.good",
  "pk": 50
},
{
  "fields": {
    "fixed_price": "29.99",
    "good_type": 13,
    "order": 25,
    "ammount": 1
  },
  "model": "cookiecart.good",
  "pk": 51
},
{
  "fields": {
    "fixed_price": "29.99",
    "good_type": 14,
    "order": 26,
    "ammount": 1
  },
  "model": "cookiecart.good",
  "pk": 52
},
{
  "fields": {
    "fixed_price": "29.99",
    "good_type": 16,
    "order": 27,
    "ammount": 1
  },
  "model": "cookiecart.good",
  "pk": 53
},
{
  "fields": {
    "fixed_price": "29.99",
    "good_type": 16,
    "order": 28,
    "ammount": 1
  },
  "model": "cookiecart.good",
  "pk": 54
},
{
  "fields": {
    "fixed_price": "29.99",
    "good_type": 13,
    "order": 1,
    "ammount": 1
  },
  "model": "cookiecart.good",
  "pk": 55
},
{
  "fields": {
    "fixed_price": "29.99",
    "good_type": 9,
    "order": 1,
    "ammount": 1
  },
  "model": "cookiecart.good",
  "pk": 56
},
{
  "fields": {
    "fixed_price": "29.99",
    "good_type": 8,
    "order": 1,
    "ammount": 1
  },
  "model": "cookiecart.good",
  "pk": 57
},
{
  "fields": {
    "fixed_price": "29.99",
    "good_type": 7,
    "order": 1,
    "ammount": 1
  },
  "model": "cookiecart.good",
  "pk": 58
},
{
  "fields": {
    "fixed_price": "29.99",
    "good_type": 6,
    "order": 1,
    "ammount": 1
  },
  "model": "cookiecart.good",
  "pk": 59
},
{
  "fields": {
    "fixed_price": "29.99",
    "good_type": 5,
    "order": 1,
    "ammount": 1
  },
  "model": "cookiecart.good",
  "pk": 60
},
{
  "fields": {
    "fixed_price": "29.99",
    "good_type": 6,
    "order": 5,
    "ammount": 1
  },
  "model": "cookiecart.good",
  "pk": 61
},
{
  "fields": {
    "fixed_price": "29.99",
    "good_type": 7,
    "order": 5,
    "ammount": 1
  },
  "model": "cookiecart.good",
  "pk": 62
},
{
  "fields": {
    "fixed_price": "29.99",
    "good_type": 8,
    "order": 5,
    "ammount": 1
  },
  "model": "cookiecart.good",
  "pk": 63
},
{
  "fields": {
    "fixed_price": "12.01",
    "good_type": 3,
    "order": 5,
    "ammount": 1
  },
  "model": "cookiecart.good",
  "pk": 64
},
{
  "fields": {
    "value": "{\"storage\": \"django.core.files.storage.FileSystemStorage\", \"name\": \"images/Penguins.jpg\", \"size\": [1024, 768]}"
  },
  "model": "thumbnail.kvstore",
  "pk": "sorl-thumbnail||image||132c7ef07f44b2bc61c666bfd7d54183"
},
{
  "fields": {
    "value": "{\"storage\": \"django.core.files.storage.FileSystemStorage\", \"name\": \"cache/b0/88/b08890fee8826bd164cf614936195b76.jpg\", \"size\": [100, 75]}"
  },
  "model": "thumbnail.kvstore",
  "pk": "sorl-thumbnail||image||be2d18c30ce860d9b85a3032afae476b"
},
{
  "fields": {
    "value": "[\"be2d18c30ce860d9b85a3032afae476b\"]"
  },
  "model": "thumbnail.kvstore",
  "pk": "sorl-thumbnail||thumbnails||132c7ef07f44b2bc61c666bfd7d54183"
},
{
  "fields": {
    "codename": "add_logentry",
    "name": "Can add log entry",
    "content_type": 1
  },
  "model": "auth.permission",
  "pk": 1
},
{
  "fields": {
    "codename": "change_logentry",
    "name": "Can change log entry",
    "content_type": 1
  },
  "model": "auth.permission",
  "pk": 2
},
{
  "fields": {
    "codename": "delete_logentry",
    "name": "Can delete log entry",
    "content_type": 1
  },
  "model": "auth.permission",
  "pk": 3
},
{
  "fields": {
    "codename": "add_permission",
    "name": "Can add permission",
    "content_type": 2
  },
  "model": "auth.permission",
  "pk": 4
},
{
  "fields": {
    "codename": "change_permission",
    "name": "Can change permission",
    "content_type": 2
  },
  "model": "auth.permission",
  "pk": 5
},
{
  "fields": {
    "codename": "delete_permission",
    "name": "Can delete permission",
    "content_type": 2
  },
  "model": "auth.permission",
  "pk": 6
},
{
  "fields": {
    "codename": "add_group",
    "name": "Can add group",
    "content_type": 3
  },
  "model": "auth.permission",
  "pk": 7
},
{
  "fields": {
    "codename": "change_group",
    "name": "Can change group",
    "content_type": 3
  },
  "model": "auth.permission",
  "pk": 8
},
{
  "fields": {
    "codename": "delete_group",
    "name": "Can delete group",
    "content_type": 3
  },
  "model": "auth.permission",
  "pk": 9
},
{
  "fields": {
    "codename": "add_contenttype",
    "name": "Can add content type",
    "content_type": 4
  },
  "model": "auth.permission",
  "pk": 10
},
{
  "fields": {
    "codename": "change_contenttype",
    "name": "Can change content type",
    "content_type": 4
  },
  "model": "auth.permission",
  "pk": 11
},
{
  "fields": {
    "codename": "delete_contenttype",
    "name": "Can delete content type",
    "content_type": 4
  },
  "model": "auth.permission",
  "pk": 12
},
{
  "fields": {
    "codename": "add_session",
    "name": "Can add session",
    "content_type": 5
  },
  "model": "auth.permission",
  "pk": 13
},
{
  "fields": {
    "codename": "change_session",
    "name": "Can change session",
    "content_type": 5
  },
  "model": "auth.permission",
  "pk": 14
},
{
  "fields": {
    "codename": "delete_session",
    "name": "Can delete session",
    "content_type": 5
  },
  "model": "auth.permission",
  "pk": 15
},
{
  "fields": {
    "codename": "add_authuser",
    "name": "Can add user",
    "content_type": 6
  },
  "model": "auth.permission",
  "pk": 16
},
{
  "fields": {
    "codename": "change_authuser",
    "name": "Can change user",
    "content_type": 6
  },
  "model": "auth.permission",
  "pk": 17
},
{
  "fields": {
    "codename": "delete_authuser",
    "name": "Can delete user",
    "content_type": 6
  },
  "model": "auth.permission",
  "pk": 18
},
{
  "fields": {
    "codename": "add_category",
    "name": "Can add category",
    "content_type": 7
  },
  "model": "auth.permission",
  "pk": 19
},
{
  "fields": {
    "codename": "change_category",
    "name": "Can change category",
    "content_type": 7
  },
  "model": "auth.permission",
  "pk": 20
},
{
  "fields": {
    "codename": "delete_category",
    "name": "Can delete category",
    "content_type": 7
  },
  "model": "auth.permission",
  "pk": 21
},
{
  "fields": {
    "codename": "add_product",
    "name": "Can add product",
    "content_type": 8
  },
  "model": "auth.permission",
  "pk": 22
},
{
  "fields": {
    "codename": "change_product",
    "name": "Can change product",
    "content_type": 8
  },
  "model": "auth.permission",
  "pk": 23
},
{
  "fields": {
    "codename": "delete_product",
    "name": "Can delete product",
    "content_type": 8
  },
  "model": "auth.permission",
  "pk": 24
},
{
  "fields": {
    "codename": "add_productimage",
    "name": "Can add product image",
    "content_type": 9
  },
  "model": "auth.permission",
  "pk": 25
},
{
  "fields": {
    "codename": "change_productimage",
    "name": "Can change product image",
    "content_type": 9
  },
  "model": "auth.permission",
  "pk": 26
},
{
  "fields": {
    "codename": "delete_productimage",
    "name": "Can delete product image",
    "content_type": 9
  },
  "model": "auth.permission",
  "pk": 27
},
{
  "fields": {
    "codename": "add_productreview",
    "name": "Can add product review",
    "content_type": 10
  },
  "model": "auth.permission",
  "pk": 28
},
{
  "fields": {
    "codename": "change_productreview",
    "name": "Can change product review",
    "content_type": 10
  },
  "model": "auth.permission",
  "pk": 29
},
{
  "fields": {
    "codename": "delete_productreview",
    "name": "Can delete product review",
    "content_type": 10
  },
  "model": "auth.permission",
  "pk": 30
},
{
  "fields": {
    "codename": "add_kvstore",
    "name": "Can add kv store",
    "content_type": 11
  },
  "model": "auth.permission",
  "pk": 31
},
{
  "fields": {
    "codename": "change_kvstore",
    "name": "Can change kv store",
    "content_type": 11
  },
  "model": "auth.permission",
  "pk": 32
},
{
  "fields": {
    "codename": "delete_kvstore",
    "name": "Can delete kv store",
    "content_type": 11
  },
  "model": "auth.permission",
  "pk": 33
},
{
  "fields": {
    "codename": "add_cart",
    "name": "Can add cart",
    "content_type": 12
  },
  "model": "auth.permission",
  "pk": 34
},
{
  "fields": {
    "codename": "change_cart",
    "name": "Can change cart",
    "content_type": 12
  },
  "model": "auth.permission",
  "pk": 35
},
{
  "fields": {
    "codename": "delete_cart",
    "name": "Can delete cart",
    "content_type": 12
  },
  "model": "auth.permission",
  "pk": 36
},
{
  "fields": {
    "codename": "add_order",
    "name": "Can add order",
    "content_type": 13
  },
  "model": "auth.permission",
  "pk": 37
},
{
  "fields": {
    "codename": "change_order",
    "name": "Can change order",
    "content_type": 13
  },
  "model": "auth.permission",
  "pk": 38
},
{
  "fields": {
    "codename": "delete_order",
    "name": "Can delete order",
    "content_type": 13
  },
  "model": "auth.permission",
  "pk": 39
},
{
  "fields": {
    "codename": "add_good",
    "name": "Can add good",
    "content_type": 14
  },
  "model": "auth.permission",
  "pk": 40
},
{
  "fields": {
    "codename": "change_good",
    "name": "Can change good",
    "content_type": 14
  },
  "model": "auth.permission",
  "pk": 41
},
{
  "fields": {
    "codename": "delete_good",
    "name": "Can delete good",
    "content_type": 14
  },
  "model": "auth.permission",
  "pk": 42
},
{
  "fields": {
    "codename": "add_manageruser",
    "name": "Can add manager user",
    "content_type": 15
  },
  "model": "auth.permission",
  "pk": 43
},
{
  "fields": {
    "codename": "change_manageruser",
    "name": "Can change manager user",
    "content_type": 15
  },
  "model": "auth.permission",
  "pk": 44
},
{
  "fields": {
    "codename": "delete_manageruser",
    "name": "Can delete manager user",
    "content_type": 15
  },
  "model": "auth.permission",
  "pk": 45
},
{
  "fields": {
    "codename": "add_cart",
    "name": "Can add cart",
    "content_type": 16
  },
  "model": "auth.permission",
  "pk": 46
},
{
  "fields": {
    "codename": "change_cart",
    "name": "Can change cart",
    "content_type": 16
  },
  "model": "auth.permission",
  "pk": 47
},
{
  "fields": {
    "codename": "delete_cart",
    "name": "Can delete cart",
    "content_type": 16
  },
  "model": "auth.permission",
  "pk": 48
},
{
  "fields": {
    "codename": "add_cartuser",
    "name": "Can add cart user",
    "content_type": 17
  },
  "model": "auth.permission",
  "pk": 49
},
{
  "fields": {
    "codename": "change_cartuser",
    "name": "Can change cart user",
    "content_type": 17
  },
  "model": "auth.permission",
  "pk": 50
},
{
  "fields": {
    "codename": "delete_cartuser",
    "name": "Can delete cart user",
    "content_type": 17
  },
  "model": "auth.permission",
  "pk": 51
},
{
  "fields": {
    "codename": "add_order",
    "name": "Can add order",
    "content_type": 18
  },
  "model": "auth.permission",
  "pk": 52
},
{
  "fields": {
    "codename": "change_order",
    "name": "Can change order",
    "content_type": 18
  },
  "model": "auth.permission",
  "pk": 53
},
{
  "fields": {
    "codename": "delete_order",
    "name": "Can delete order",
    "content_type": 18
  },
  "model": "auth.permission",
  "pk": 54
},
{
  "fields": {
    "codename": "add_good",
    "name": "Can add good",
    "content_type": 19
  },
  "model": "auth.permission",
  "pk": 55
},
{
  "fields": {
    "codename": "change_good",
    "name": "Can change good",
    "content_type": 19
  },
  "model": "auth.permission",
  "pk": 56
},
{
  "fields": {
    "codename": "delete_good",
    "name": "Can delete good",
    "content_type": 19
  },
  "model": "auth.permission",
  "pk": 57
},
{
  "fields": {
    "codename": "add_usersocialauth",
    "name": "Can add user social auth",
    "content_type": 20
  },
  "model": "auth.permission",
  "pk": 58
},
{
  "fields": {
    "codename": "change_usersocialauth",
    "name": "Can change user social auth",
    "content_type": 20
  },
  "model": "auth.permission",
  "pk": 59
},
{
  "fields": {
    "codename": "delete_usersocialauth",
    "name": "Can delete user social auth",
    "content_type": 20
  },
  "model": "auth.permission",
  "pk": 60
},
{
  "fields": {
    "codename": "add_nonce",
    "name": "Can add nonce",
    "content_type": 21
  },
  "model": "auth.permission",
  "pk": 61
},
{
  "fields": {
    "codename": "change_nonce",
    "name": "Can change nonce",
    "content_type": 21
  },
  "model": "auth.permission",
  "pk": 62
},
{
  "fields": {
    "codename": "delete_nonce",
    "name": "Can delete nonce",
    "content_type": 21
  },
  "model": "auth.permission",
  "pk": 63
},
{
  "fields": {
    "codename": "add_association",
    "name": "Can add association",
    "content_type": 22
  },
  "model": "auth.permission",
  "pk": 64
},
{
  "fields": {
    "codename": "change_association",
    "name": "Can change association",
    "content_type": 22
  },
  "model": "auth.permission",
  "pk": 65
},
{
  "fields": {
    "codename": "delete_association",
    "name": "Can delete association",
    "content_type": 22
  },
  "model": "auth.permission",
  "pk": 66
},
{
  "fields": {
    "username": "nehaivova@gmail.com",
    "first_name": "",
    "last_name": "",
    "phone": "",
    "key_expires": null,
    "is_active": true,
    "activation_key": null,
    "sex": "",
    "is_superuser": true,
    "is_staff": true,
    "last_login": "2015-09-22T04:11:26.671",
    "groups": [],
    "user_permissions": [],
    "password": "pbkdf2_sha256$20000$29Dtbpb7jk1P$xxnxL/WPXKqGLwARHgn/dHY/TM5cww94osAOuvK0CCo=",
    "email": "nehaivova@gmail.com",
    "date_joined": "2015-09-16T13:10:53.391"
  },
  "model": "accounts.authuser",
  "pk": 1
},
{
  "fields": {
    "username": "80291733585",
    "first_name": "",
    "last_name": "",
    "phone": "80291733585",
    "key_expires": null,
    "is_active": false,
    "activation_key": null,
    "sex": "",
    "is_superuser": false,
    "is_staff": false,
    "last_login": "2015-09-19T01:09:46.745",
    "groups": [],
    "user_permissions": [],
    "password": "pbkdf2_sha256$20000$6YgluXk6Ho9d$rBk9MsPnIv9c5/AKTDXzuOwZcUIj1oV9pkEl0AQEx4o=",
    "email": "",
    "date_joined": "2015-09-19T01:09:46.745"
  },
  "model": "accounts.authuser",
  "pk": 3
},
{
  "fields": {
    "username": "VladimirNekhai",
    "first_name": "",
    "last_name": "",
    "phone": "VladimirNekhai",
    "key_expires": null,
    "is_active": true,
    "activation_key": null,
    "sex": "",
    "is_superuser": false,
    "is_staff": false,
    "last_login": "2015-09-23T18:34:36.824",
    "groups": [],
    "user_permissions": [],
    "password": "!U1AVHxd4PPbrtnZmHIYLplDHqvuFVnKdaFE1XvI0",
    "email": "",
    "date_joined": "2015-09-21T01:13:57.325"
  },
  "model": "accounts.authuser",
  "pk": 4
},
{
  "fields": {
    "username": "z0_by",
    "first_name": "z0by",
    "last_name": "",
    "phone": "z0_by",
    "key_expires": null,
    "is_active": true,
    "activation_key": null,
    "sex": "",
    "is_superuser": false,
    "is_staff": false,
    "last_login": "2015-09-22T01:13:05.463",
    "groups": [],
    "user_permissions": [],
    "password": "!pKE6NKi9iTOxNu3GXP7eoBQDCdmHsVitzRt7wz0y",
    "email": "",
    "date_joined": "2015-09-22T01:13:04.396"
  },
  "model": "accounts.authuser",
  "pk": 5
},
{
  "fields": {
    "username": "hank_hangover",
    "first_name": "Hank",
    "last_name": "Hangover",
    "phone": "hank_hangover",
    "key_expires": null,
    "is_active": true,
    "activation_key": null,
    "sex": "",
    "is_superuser": false,
    "is_staff": false,
    "last_login": "2015-09-23T06:18:50.439",
    "groups": [],
    "user_permissions": [],
    "password": "!1mcKeIyTnt1WYkhuB3KAzszXzvwrTcsa8qrYrAAl",
    "email": "",
    "date_joined": "2015-09-22T01:27:19.991"
  },
  "model": "accounts.authuser",
  "pk": 6
},
{
  "fields": {
    "product": 4,
    "created_at": "2015-09-16T18:51:22.741",
    "review": "adfadf",
    "score": "3.0",
    "user": 1
  },
  "model": "products.productreview",
  "pk": 8
},
{
  "fields": {
    "product": 16,
    "created_at": "2015-09-16T20:33:13.570",
    "review": "12134",
    "score": "5.0",
    "user": 1
  },
  "model": "products.productreview",
  "pk": 10
},
{
  "fields": {
    "product": 8,
    "created_at": "2015-09-16T20:46:02.339",
    "review": "adfadf",
    "score": "4.0",
    "user": 1
  },
  "model": "products.productreview",
  "pk": 11
},
{
  "fields": {
    "user": 1
  },
  "model": "cookiecart.cartuser",
  "pk": 1
},
{
  "fields": {
    "uid": "924780294260814",
    "extra_data": "{\"access_token\": \"CAACPD0CcfxcBAKZCvkb7LZC4ZB8Er5ZBuYHpd9O3oIvZC5cs9AZCH95hxGAV6UjiWkoRhGiHekaFvHqcc3ZBgHQfZB4lgMPZAQaZBU9DX7u6r7AUmnnxRdJZBnyBwYw04opG3FcfIgqU5EGai1rqEeTEZCpNh7a1XPXcot5ZBK2i3e8Kupd6KaGdrr19DTjlbc7dgto8ZD\", \"expires\": \"5183999\", \"id\": \"924780294260814\"}",
    "user": 4,
    "provider": "facebook"
  },
  "model": "social_auth.usersocialauth",
  "pk": 1
},
{
  "fields": {
    "uid": "2824268775",
    "extra_data": "{\"access_token\": \"oauth_token=2824268775-tdl7f5jS6iJ9MeYgg3NZqdU4COcsyfFbZIVEybV&oauth_token_secret=Z3LvizbhRB8M8lJlq3lPI2AA358YB9O8XLTenv3UvJqLd\", \"id\": 2824268775}",
    "user": 5,
    "provider": "twitter"
  },
  "model": "social_auth.usersocialauth",
  "pk": 2
},
{
  "fields": {
    "uid": "241618215",
    "extra_data": "{\"access_token\": \"c505d3005f17f544631fa65f624846991439ec5323477f9f9318c7937bbe8d963f958c26db5228a87c371\", \"expires\": null, \"id\": null}",
    "user": 6,
    "provider": "vk-oauth"
  },
  "model": "social_auth.usersocialauth",
  "pk": 3
},
{
  "fields": {
    "action_flag": 1,
    "action_time": "2015-09-16T13:11:26.503",
    "object_repr": "\u0422\u043e\u0432\u0430\u0440\u044b \u0434\u043b\u044f \u043a\u043e\u0448\u0435\u043a",
    "object_id": "1",
    "change_message": "",
    "user": 1,
    "content_type": 7
  },
  "model": "admin.logentry",
  "pk": 1
},
{
  "fields": {
    "action_flag": 1,
    "action_time": "2015-09-16T13:11:45.657",
    "object_repr": "\u041a\u043e\u0440\u043c \u0434\u043b\u044f \u043a\u043e\u0448\u0435\u043a",
    "object_id": "2",
    "change_message": "",
    "user": 1,
    "content_type": 7
  },
  "model": "admin.logentry",
  "pk": 2
},
{
  "fields": {
    "action_flag": 1,
    "action_time": "2015-09-16T13:12:44.520",
    "object_repr": "\u041a\u043e\u0440\u043c1",
    "object_id": "1",
    "change_message": "",
    "user": 1,
    "content_type": 8
  },
  "model": "admin.logentry",
  "pk": 3
},
{
  "fields": {
    "action_flag": 1,
    "action_time": "2015-09-16T13:13:12.395",
    "object_repr": "\u041a\u043e\u0440\u043c2",
    "object_id": "2",
    "change_message": "",
    "user": 1,
    "content_type": 8
  },
  "model": "admin.logentry",
  "pk": 4
},
{
  "fields": {
    "action_flag": 1,
    "action_time": "2015-09-16T13:13:24.643",
    "object_repr": "\u041a\u043e\u0440\u043c3",
    "object_id": "3",
    "change_message": "",
    "user": 1,
    "content_type": 8
  },
  "model": "admin.logentry",
  "pk": 5
},
{
  "fields": {
    "action_flag": 1,
    "action_time": "2015-09-16T17:08:03.135",
    "object_repr": "\u041a\u043e\u0440\u043c4",
    "object_id": "4",
    "change_message": "",
    "user": 1,
    "content_type": 8
  },
  "model": "admin.logentry",
  "pk": 6
},
{
  "fields": {
    "action_flag": 2,
    "action_time": "2015-09-16T17:08:15.888",
    "object_repr": "\u041a\u043e\u0440\u043c4",
    "object_id": "4",
    "change_message": "Changed price.",
    "user": 1,
    "content_type": 8
  },
  "model": "admin.logentry",
  "pk": 7
},
{
  "fields": {
    "action_flag": 2,
    "action_time": "2015-09-16T17:08:16.177",
    "object_repr": "\u041a\u043e\u0440\u043c3",
    "object_id": "3",
    "change_message": "Changed price.",
    "user": 1,
    "content_type": 8
  },
  "model": "admin.logentry",
  "pk": 8
},
{
  "fields": {
    "action_flag": 2,
    "action_time": "2015-09-16T17:08:16.444",
    "object_repr": "\u041a\u043e\u0440\u043c2",
    "object_id": "2",
    "change_message": "Changed price.",
    "user": 1,
    "content_type": 8
  },
  "model": "admin.logentry",
  "pk": 9
},
{
  "fields": {
    "action_flag": 2,
    "action_time": "2015-09-16T17:10:25.518",
    "object_repr": "\u041a\u043e\u0440\u043c4",
    "object_id": "4",
    "change_message": "Changed price.",
    "user": 1,
    "content_type": 8
  },
  "model": "admin.logentry",
  "pk": 10
},
{
  "fields": {
    "action_flag": 2,
    "action_time": "2015-09-16T17:10:36.801",
    "object_repr": "\u041a\u043e\u0440\u043c3",
    "object_id": "3",
    "change_message": "Changed price.",
    "user": 1,
    "content_type": 8
  },
  "model": "admin.logentry",
  "pk": 11
},
{
  "fields": {
    "action_flag": 3,
    "action_time": "2015-09-16T18:48:39.117",
    "object_repr": "\u0444\u0432\u0430\u0444\u0432\u0430",
    "object_id": "7",
    "change_message": "",
    "user": 1,
    "content_type": 10
  },
  "model": "admin.logentry",
  "pk": 12
},
{
  "fields": {
    "action_flag": 3,
    "action_time": "2015-09-16T18:48:43.450",
    "object_repr": "adf adf \u0432\u0430 \u0444\u0432\u0430 \u0444\u044b\u0430\u0432 \u0444\u0432\u0430",
    "object_id": "6",
    "change_message": "",
    "user": 1,
    "content_type": 10
  },
  "model": "admin.logentry",
  "pk": 13
},
{
  "fields": {
    "action_flag": 3,
    "action_time": "2015-09-16T18:48:47.734",
    "object_repr": "fa df adf adf",
    "object_id": "5",
    "change_message": "",
    "user": 1,
    "content_type": 10
  },
  "model": "admin.logentry",
  "pk": 14
},
{
  "fields": {
    "action_flag": 3,
    "action_time": "2015-09-16T18:48:53.289",
    "object_repr": "adf adf adf",
    "object_id": "4",
    "change_message": "",
    "user": 1,
    "content_type": 10
  },
  "model": "admin.logentry",
  "pk": 15
},
{
  "fields": {
    "action_flag": 3,
    "action_time": "2015-09-16T18:48:58.734",
    "object_repr": "dfadf",
    "object_id": "3",
    "change_message": "",
    "user": 1,
    "content_type": 10
  },
  "model": "admin.logentry",
  "pk": 16
},
{
  "fields": {
    "action_flag": 3,
    "action_time": "2015-09-16T18:49:09.373",
    "object_repr": "adfadf",
    "object_id": "2",
    "change_message": "",
    "user": 1,
    "content_type": 10
  },
  "model": "admin.logentry",
  "pk": 17
},
{
  "fields": {
    "action_flag": 3,
    "action_time": "2015-09-16T18:49:13.269",
    "object_repr": "\u0444\u0432\u0430 \u0444\u0432\u0430 \u0444\u0432\u0430",
    "object_id": "1",
    "change_message": "",
    "user": 1,
    "content_type": 10
  },
  "model": "admin.logentry",
  "pk": 18
},
{
  "fields": {
    "action_flag": 2,
    "action_time": "2015-09-16T18:49:53.958",
    "object_repr": "\u041a\u043e\u0440\u043c4",
    "object_id": "4",
    "change_message": "Changed sale_price.",
    "user": 1,
    "content_type": 8
  },
  "model": "admin.logentry",
  "pk": 19
},
{
  "fields": {
    "action_flag": 2,
    "action_time": "2015-09-16T18:50:04.721",
    "object_repr": "\u041a\u043e\u0440\u043c4",
    "object_id": "4",
    "change_message": "Changed sale_price.",
    "user": 1,
    "content_type": 8
  },
  "model": "admin.logentry",
  "pk": 20
},
{
  "fields": {
    "action_flag": 2,
    "action_time": "2015-09-16T19:04:29.296",
    "object_repr": "\u041a\u043e\u0440\u043c4",
    "object_id": "4",
    "change_message": "Changed sale_price.",
    "user": 1,
    "content_type": 8
  },
  "model": "admin.logentry",
  "pk": 21
},
{
  "fields": {
    "action_flag": 2,
    "action_time": "2015-09-16T19:04:47.730",
    "object_repr": "\u041a\u043e\u0440\u043c3",
    "object_id": "3",
    "change_message": "Changed sale_price.",
    "user": 1,
    "content_type": 8
  },
  "model": "admin.logentry",
  "pk": 22
},
{
  "fields": {
    "action_flag": 1,
    "action_time": "2015-09-16T19:12:58.014",
    "object_repr": "\u0422\u043e\u0432\u0430\u0440\u044b 3",
    "object_id": "3",
    "change_message": "",
    "user": 1,
    "content_type": 7
  },
  "model": "admin.logentry",
  "pk": 23
},
{
  "fields": {
    "action_flag": 1,
    "action_time": "2015-09-16T19:14:37.067",
    "object_repr": "\u0444\u0432\u0430\u0444\u0432\u0430",
    "object_id": "4",
    "change_message": "",
    "user": 1,
    "content_type": 7
  },
  "model": "admin.logentry",
  "pk": 24
},
{
  "fields": {
    "action_flag": 2,
    "action_time": "2015-09-16T19:14:59.245",
    "object_repr": "\u041a\u043e\u0440\u043c4",
    "object_id": "4",
    "change_message": "Changed categories.",
    "user": 1,
    "content_type": 8
  },
  "model": "admin.logentry",
  "pk": 25
},
{
  "fields": {
    "action_flag": 3,
    "action_time": "2015-09-16T19:19:09.697",
    "object_repr": "\u0444\u0432\u0430\u0444\u0432\u0430",
    "object_id": "4",
    "change_message": "",
    "user": 1,
    "content_type": 7
  },
  "model": "admin.logentry",
  "pk": 26
},
{
  "fields": {
    "action_flag": 3,
    "action_time": "2015-09-16T19:19:16.838",
    "object_repr": "\u0422\u043e\u0432\u0430\u0440\u044b 3",
    "object_id": "3",
    "change_message": "",
    "user": 1,
    "content_type": 7
  },
  "model": "admin.logentry",
  "pk": 27
},
{
  "fields": {
    "action_flag": 1,
    "action_time": "2015-09-16T19:53:48.108",
    "object_repr": "\u041a\u043e\u0440\u043c5",
    "object_id": "5",
    "change_message": "",
    "user": 1,
    "content_type": 8
  },
  "model": "admin.logentry",
  "pk": 28
},
{
  "fields": {
    "action_flag": 1,
    "action_time": "2015-09-16T19:53:58.230",
    "object_repr": "\u041a\u043e\u0440\u043c6",
    "object_id": "6",
    "change_message": "",
    "user": 1,
    "content_type": 8
  },
  "model": "admin.logentry",
  "pk": 29
},
{
  "fields": {
    "action_flag": 1,
    "action_time": "2015-09-16T19:54:08.656",
    "object_repr": "\u041a\u043e\u0440\u043c7",
    "object_id": "7",
    "change_message": "",
    "user": 1,
    "content_type": 8
  },
  "model": "admin.logentry",
  "pk": 30
},
{
  "fields": {
    "action_flag": 1,
    "action_time": "2015-09-16T19:54:17.891",
    "object_repr": "\u041a\u043e\u0440\u043c8",
    "object_id": "8",
    "change_message": "",
    "user": 1,
    "content_type": 8
  },
  "model": "admin.logentry",
  "pk": 31
},
{
  "fields": {
    "action_flag": 1,
    "action_time": "2015-09-16T19:54:25.736",
    "object_repr": "\u041a\u043e\u0440\u043c9",
    "object_id": "9",
    "change_message": "",
    "user": 1,
    "content_type": 8
  },
  "model": "admin.logentry",
  "pk": 32
},
{
  "fields": {
    "action_flag": 1,
    "action_time": "2015-09-16T19:54:35.069",
    "object_repr": "\u041a\u043e\u0440\u043c10",
    "object_id": "10",
    "change_message": "",
    "user": 1,
    "content_type": 8
  },
  "model": "admin.logentry",
  "pk": 33
},
{
  "fields": {
    "action_flag": 1,
    "action_time": "2015-09-16T19:54:42.889",
    "object_repr": "\u041a\u043e\u0440\u043c11",
    "object_id": "11",
    "change_message": "",
    "user": 1,
    "content_type": 8
  },
  "model": "admin.logentry",
  "pk": 34
},
{
  "fields": {
    "action_flag": 1,
    "action_time": "2015-09-16T20:04:54.823",
    "object_repr": "\u041a\u043e\u0440\u043c12",
    "object_id": "12",
    "change_message": "",
    "user": 1,
    "content_type": 8
  },
  "model": "admin.logentry",
  "pk": 35
},
{
  "fields": {
    "action_flag": 3,
    "action_time": "2015-09-16T20:05:45.640",
    "object_repr": "\u041a\u043e\u0440\u043c12",
    "object_id": "12",
    "change_message": "",
    "user": 1,
    "content_type": 8
  },
  "model": "admin.logentry",
  "pk": 36
},
{
  "fields": {
    "action_flag": 3,
    "action_time": "2015-09-16T20:06:27.651",
    "object_repr": "\u041a\u043e\u0440\u043c11",
    "object_id": "11",
    "change_message": "",
    "user": 1,
    "content_type": 8
  },
  "model": "admin.logentry",
  "pk": 37
},
{
  "fields": {
    "action_flag": 3,
    "action_time": "2015-09-16T20:06:54.228",
    "object_repr": "\u041a\u043e\u0440\u043c10",
    "object_id": "10",
    "change_message": "",
    "user": 1,
    "content_type": 8
  },
  "model": "admin.logentry",
  "pk": 38
},
{
  "fields": {
    "action_flag": 1,
    "action_time": "2015-09-16T20:07:41.844",
    "object_repr": "\u0422\u043e\u0432\u0430\u04401",
    "object_id": "13",
    "change_message": "",
    "user": 1,
    "content_type": 8
  },
  "model": "admin.logentry",
  "pk": 39
},
{
  "fields": {
    "action_flag": 1,
    "action_time": "2015-09-16T20:08:15.148",
    "object_repr": "\u0422\u043e\u0432\u0430\u04402",
    "object_id": "14",
    "change_message": "",
    "user": 1,
    "content_type": 8
  },
  "model": "admin.logentry",
  "pk": 40
},
{
  "fields": {
    "action_flag": 2,
    "action_time": "2015-09-16T20:13:02.858",
    "object_repr": "\u041a\u043e\u0440\u043c4",
    "object_id": "4",
    "change_message": "Changed sale_price.",
    "user": 1,
    "content_type": 8
  },
  "model": "admin.logentry",
  "pk": 41
},
{
  "fields": {
    "action_flag": 2,
    "action_time": "2015-09-16T20:13:03.103",
    "object_repr": "\u041a\u043e\u0440\u043c3",
    "object_id": "3",
    "change_message": "Changed sale_price.",
    "user": 1,
    "content_type": 8
  },
  "model": "admin.logentry",
  "pk": 42
},
{
  "fields": {
    "action_flag": 2,
    "action_time": "2015-09-16T20:13:37.214",
    "object_repr": "\u041a\u043e\u0440\u043c4",
    "object_id": "4",
    "change_message": "Changed sale_price.",
    "user": 1,
    "content_type": 8
  },
  "model": "admin.logentry",
  "pk": 43
},
{
  "fields": {
    "action_flag": 1,
    "action_time": "2015-09-16T20:21:52.333",
    "object_repr": "\u0422\u043e\u0432\u0430\u04403",
    "object_id": "15",
    "change_message": "",
    "user": 1,
    "content_type": 8
  },
  "model": "admin.logentry",
  "pk": 44
},
{
  "fields": {
    "action_flag": 1,
    "action_time": "2015-09-16T20:22:06.549",
    "object_repr": "\u0422\u043e\u0432\u0430\u04404",
    "object_id": "16",
    "change_message": "",
    "user": 1,
    "content_type": 8
  },
  "model": "admin.logentry",
  "pk": 45
},
{
  "fields": {
    "action_flag": 2,
    "action_time": "2015-09-17T21:04:55.036",
    "object_repr": "\u0422\u043e\u0432\u0430\u0440 \u0441 \u0434\u043b\u0438\u043d\u043d\u044b\u043c \u043d\u0430\u0437\u0432\u0430\u043d\u0438\u0435\u043c",
    "object_id": "4",
    "change_message": "Changed title.",
    "user": 1,
    "content_type": 8
  },
  "model": "admin.logentry",
  "pk": 46
},
{
  "fields": {
    "action_flag": 2,
    "action_time": "2015-09-17T21:07:06.524",
    "object_repr": "\u0422\u043e\u0432\u0430\u0440 \u0441 \u043e\u0447\u0435\u043d\u044c \u043e\u0447\u0435\u043d\u044c \u0434\u043b\u0438\u043d\u043d\u044b\u043c \u043d\u0430\u0437\u0432\u0430\u043d\u0438\u0435\u043c",
    "object_id": "4",
    "change_message": "Changed title.",
    "user": 1,
    "content_type": 8
  },
  "model": "admin.logentry",
  "pk": 47
},
{
  "fields": {
    "action_flag": 3,
    "action_time": "2015-09-22T04:45:24.635",
    "object_repr": "hosterby",
    "object_id": "7",
    "change_message": "",
    "user": 1,
    "content_type": 6
  },
  "model": "admin.logentry",
  "pk": 48
},
{
  "fields": {
    "action_flag": 3,
    "action_time": "2015-09-22T04:45:34.693",
    "object_repr": "limyr@tut.by",
    "object_id": "2",
    "change_message": "",
    "user": 1,
    "content_type": 6
  },
  "model": "admin.logentry",
  "pk": 49
}
]
